analysis_name,mutation_rate,epimutation_rate,backepi_rate,w11,w22,w33,w44,w12,w13,w14,w23,w24,w34,h,solns,p1,p2,p3,p4,p2_p4_sum,p2_p4_estimate,p2_p4_mutselbalance,,,
dominancecoeff,1.00E-07,0.001,0.01,1,0.99,1,1,0.999951946,1,1,0.999951946,0.999951946,1,0.004805416,2,0.907518287,0.001571805,0.090751829,0.00015808,0.001729884,2.29E-03,2.08E-03,,,
dominancecoeff,1.00E-07,0.001,0.01,1,0.99,1,1,0.999683929,1,1,0.999683929,0.999683929,1,0.03160714,2,0.90877662,0.000313472,0.090877662,3.22463E-05,0.000345718,3.48E-04,3.16E-04,,,
dominancecoeff,1.00E-07,0.001,0.01,1,0.99,1,1,0.999582909,1,1,0.999582909,0.999582909,1,0.04170913,2,0.908851586,0.000238506,0.090885159,2.47497E-05,0.000263255,2.64E-04,2.40E-04,,,
dominancecoeff,1.00E-07,0.001,0.01,1,0.99,1,1,0.999459063,1,1,0.999459063,0.999459063,1,0.054093748,2,0.908905788,0.000184304,0.090890579,1.93295E-05,0.000203634,2.03E-04,1.85E-04,,,
dominancecoeff,1.00E-07,0.001,0.01,1,0.99,1,1,0.999316904,1,1,0.999316904,0.999316904,1,0.068309607,2,0.908943969,0.000146122,0.090894397,1.55113E-05,0.000161634,1.61E-04,1.46E-04,,,
dominancecoeff,1.00E-07,0.001,0.01,1,0.99,1,1,0.99931616,1,1,0.99931616,0.99931616,1,0.068384026,2,0.908944128,0.000145964,0.090894413,1.54955E-05,0.00016146,1.61E-04,1.46E-04,,,
dominancecoeff,1.00E-07,0.001,0.01,1,0.99,1,1,0.999268321,1,1,0.999268321,0.999268321,1,0.073167882,2,0.908953637,0.000136455,0.090895364,1.45446E-05,0.000150999,1.50E-04,1.37E-04,,,
dominancecoeff,1.00E-07,0.001,0.01,1,0.99,1,1,0.999254873,1,1,0.999254873,0.999254873,1,0.074512749,2,0.908956092,0.000134,0.090895609,1.42991E-05,0.000148299,1.48E-04,1.34E-04,,,
dominancecoeff,1.00E-07,0.001,0.01,1,0.99,1,1,0.999134678,1,1,0.999134678,0.999134678,1,0.086532151,2,0.908974655,0.000115437,0.090897466,1.24428E-05,0.000127879,1.27E-04,1.16E-04,,,
dominancecoeff,1.00E-07,0.001,0.01,1,0.99,1,1,0.999128039,1,1,0.999128039,0.999128039,1,0.087196097,2,0.908975532,0.00011456,0.090897553,1.23551E-05,0.000126915,1.26E-04,1.15E-04,,,
dominancecoeff,1.00E-07,0.001,0.01,1,0.99,1,1,0.999087276,1,1,0.999087276,0.999087276,1,0.091272435,2,0.908980637,0.000109455,0.090898064,1.18446E-05,0.000121299,1.21E-04,1.10E-04,,,
dominancecoeff,1.00E-07,0.001,0.01,1,0.99,1,1,0.999051894,1,1,0.999051894,0.999051894,1,0.094810589,2,0.908984713,0.000105379,0.090898471,1.1437E-05,0.000116815,1.16E-04,1.05E-04,,,
dominancecoeff,1.00E-07,0.001,0.01,1,0.99,1,1,0.999036264,1,1,0.999036264,0.999036264,1,0.096373612,2,0.908986419,0.000103673,0.090898642,1.12664E-05,0.000114939,1.14E-04,1.04E-04,,,
dominancecoeff,1.00E-07,0.001,0.01,1,0.99,1,1,0.999018666,1,1,0.999018666,0.999018666,1,0.098133405,2,0.908988275,0.000101817,0.090898827,1.10808E-05,0.000112898,1.12E-04,1.02E-04,,,
dominancecoeff,1.00E-07,0.001,0.01,1,0.99,1,1,0.998717722,1,1,0.998717722,0.998717722,1,0.128227817,2,0.909012141,7.7951E-05,0.090901214,8.69419E-06,8.66452E-05,8.58E-05,7.80E-05,,,
dominancecoeff,1.00E-07,0.001,0.01,1,0.99,1,1,0.998663737,1,1,0.998663737,0.998663737,1,0.133626254,2,0.909015287,7.48049E-05,0.090901529,8.37959E-06,8.31845E-05,8.23E-05,7.48E-05,,,
dominancecoeff,1.00E-07,0.001,0.01,1,0.99,1,1,0.998659851,1,1,0.998659851,0.998659851,1,0.1340149,2,0.909015504,7.45882E-05,0.09090155,8.35792E-06,8.29461E-05,8.21E-05,7.46E-05,,,
dominancecoeff,1.00E-07,0.001,0.01,1,0.99,1,1,0.998600026,1,1,0.998600026,0.998600026,1,0.139997408,2,0.909018688,7.14037E-05,0.090901869,8.03947E-06,7.94431E-05,7.86E-05,7.14E-05,,,
dominancecoeff,1.00E-07,0.001,0.01,1,0.99,1,1,0.998395957,1,1,0.998395957,0.998395957,1,0.160404267,2,0.909027766,6.2326E-05,0.090902777,7.1317E-06,6.94577E-05,6.86E-05,6.23E-05,,,
dominancecoeff,1.00E-07,0.001,0.01,1,0.99,1,1,0.998248632,1,1,0.998248632,0.998248632,1,0.175136769,2,0.909033006,5.70861E-05,0.090903301,6.60771E-06,6.36939E-05,6.28E-05,5.71E-05,,,
dominancecoeff,1.00E-07,0.001,0.01,1,0.99,1,1,0.998184256,1,1,0.998184256,0.998184256,1,0.181574399,2,0.909035029,5.50632E-05,0.090903503,6.40542E-06,6.14686E-05,6.06E-05,5.51E-05,,,
dominancecoeff,1.00E-07,0.001,0.01,1,0.99,1,1,0.998042904,1,1,0.998042904,0.998042904,1,0.195709574,2,0.909039004,5.1088E-05,0.0909039,6.0079E-06,5.70959E-05,5.62E-05,5.11E-05,,,
dominancecoeff,1.00E-07,0.001,0.01,1,0.99,1,1,0.997923734,1,1,0.997923734,0.997923734,1,0.207626639,2,0.909041935,4.81568E-05,0.090904193,5.71478E-06,5.38716E-05,5.30E-05,4.82E-05,,,
dominancecoeff,1.00E-07,0.001,0.01,1,0.99,1,1,0.997905282,1,1,0.997905282,0.997905282,1,0.209471845,2,0.909042359,4.77328E-05,0.090904236,5.67238E-06,5.34052E-05,5.25E-05,4.77E-05,,,
dominancecoeff,1.00E-07,0.001,0.01,1,0.99,1,1,0.997639877,1,1,0.997639877,0.997639877,1,0.236012313,2,0.909047725,4.23667E-05,0.090904773,5.13576E-06,4.75024E-05,4.66E-05,4.24E-05,,,
dominancecoeff,1.00E-07,0.001,0.01,1,0.99,1,1,0.997608227,1,1,0.997608227,0.997608227,1,0.239177277,2,0.909048286,4.18062E-05,0.090904829,5.07972E-06,4.68859E-05,4.60E-05,4.18E-05,,,
dominancecoeff,1.00E-07,0.001,0.01,1,0.99,1,1,0.997445978,1,1,0.997445978,0.997445978,1,0.255402187,2,0.909050941,3.9151E-05,0.090905094,4.8142E-06,4.39652E-05,4.31E-05,3.92E-05,,,
dominancecoeff,1.00E-07,0.001,0.01,1,0.99,1,1,0.997445025,1,1,0.997445025,0.997445025,1,0.255497495,2,0.909050955,3.91364E-05,0.090905096,4.81274E-06,4.39491E-05,4.31E-05,3.91E-05,,,
dominancecoeff,1.00E-07,0.001,0.01,1,0.99,1,1,0.997428046,1,1,0.997428046,0.997428046,1,0.257195387,2,0.909051214,3.88781E-05,0.090905121,4.78691E-06,4.3665E-05,4.28E-05,3.89E-05,,,
dominancecoeff,1.00E-07,0.001,0.01,1,0.99,1,1,0.997380789,1,1,0.997380789,0.997380789,1,0.261921061,2,0.909051915,3.81768E-05,0.090905191,4.71678E-06,4.28936E-05,4.20E-05,3.82E-05,,,
dominancecoeff,1.00E-07,0.001,0.01,1,0.99,1,1,0.997247901,1,1,0.997247901,0.997247901,1,0.275209905,2,0.909053758,3.63337E-05,0.090905376,4.53247E-06,4.08662E-05,4.00E-05,3.63E-05,,,
dominancecoeff,1.00E-07,0.001,0.01,1,0.99,1,1,0.997246782,1,1,0.997246782,0.997246782,1,0.275321759,2,0.909053773,3.6319E-05,0.090905377,4.531E-06,4.085E-05,4.00E-05,3.63E-05,,,
dominancecoeff,1.00E-07,0.001,0.01,1,0.99,1,1,0.997230806,1,1,0.997230806,0.997230806,1,0.276919356,2,0.909053982,3.61095E-05,0.090905398,4.51005E-06,4.06195E-05,3.97E-05,3.61E-05,,,
dominancecoeff,1.00E-07,0.001,0.01,1,0.99,1,1,0.997194233,1,1,0.997194233,0.997194233,1,0.280576742,2,0.909054453,3.56389E-05,0.090905445,4.46299E-06,4.01019E-05,3.92E-05,3.56E-05,,,
dominancecoeff,1.00E-07,0.001,0.01,1,0.99,1,1,0.997194142,1,1,0.997194142,0.997194142,1,0.280585841,2,0.909054454,3.56377E-05,0.090905445,4.46287E-06,4.01006E-05,3.92E-05,3.56E-05,,,
dominancecoeff,1.00E-07,0.001,0.01,1,0.99,1,1,0.997018315,1,1,0.997018315,0.997018315,1,0.298168481,2,0.909056555,3.35366E-05,0.090905656,4.25276E-06,3.77893E-05,3.69E-05,3.35E-05,,,
dominancecoeff,1.00E-07,0.001,0.01,1,0.99,1,1,0.996942744,1,1,0.996942744,0.996942744,1,0.305725599,2,0.909057384,3.27077E-05,0.090905738,4.16987E-06,3.68776E-05,3.60E-05,3.27E-05,,,
dominancecoeff,1.00E-07,0.001,0.01,1,0.99,1,1,0.996719342,1,1,0.996719342,0.996719342,1,0.328065801,2,0.909059611,3.04807E-05,0.090905961,3.94717E-06,3.44279E-05,3.35E-05,3.05E-05,,,
dominancecoeff,1.00E-07,0.001,0.01,1,0.99,1,1,0.996694206,1,1,0.996694206,0.996694206,1,0.330579393,2,0.909059843,3.0249E-05,0.090905984,3.924E-06,3.4173E-05,3.33E-05,3.02E-05,,,
dominancecoeff,1.00E-07,0.001,0.01,1,0.99,1,1,0.99658369,1,1,0.99658369,0.99658369,1,0.341631049,2,0.909060821,2.92705E-05,0.090906082,3.82615E-06,3.30967E-05,3.22E-05,2.93E-05,,,
dominancecoeff,1.00E-07,0.001,0.01,1,0.99,1,1,0.99653548,1,1,0.99653548,0.99653548,1,0.346452005,2,0.909061228,2.88633E-05,0.090906123,3.78543E-06,3.26487E-05,3.18E-05,2.89E-05,,,
dominancecoeff,1.00E-07,0.001,0.01,1,0.99,1,1,0.99630938,1,1,0.99630938,0.99630938,1,0.369062011,2,0.909062997,2.70952E-05,0.0909063,3.60862E-06,3.07038E-05,2.98E-05,2.71E-05,,,
dominancecoeff,1.00E-07,0.001,0.01,1,0.99,1,1,0.996205107,1,1,0.996205107,0.996205107,1,0.37948928,2,0.909063741,2.63508E-05,0.090906374,3.53418E-06,2.98849E-05,2.90E-05,2.64E-05,,,
dominancecoeff,1.00E-07,0.001,0.01,1,0.99,1,1,0.995781617,1,1,0.995781617,0.995781617,1,0.421838272,2,0.909066386,2.37056E-05,0.090906639,3.26965E-06,2.69752E-05,2.61E-05,2.37E-05,,,
dominancecoeff,1.00E-07,0.001,0.01,1,0.99,1,1,0.995756736,1,1,0.995756736,0.995756736,1,0.424326405,2,0.909066525,2.35666E-05,0.090906653,3.25576E-06,2.68223E-05,2.59E-05,2.36E-05,,,
dominancecoeff,1.00E-07,0.001,0.01,1,0.99,1,1,0.995690667,1,1,0.995690667,0.995690667,1,0.43093326,2,0.909066886,2.32053E-05,0.090906689,3.21963E-06,2.64249E-05,2.55E-05,2.32E-05,,,
dominancecoeff,1.00E-07,0.001,0.01,1,0.99,1,1,0.995672717,1,1,0.995672717,0.995672717,1,0.432728255,2,0.909066983,2.3109E-05,0.090906698,3.21E-06,2.6319E-05,2.54E-05,2.31E-05,,,
dominancecoeff,1.00E-07,0.001,0.01,1,0.99,1,1,0.995528838,1,1,0.995528838,0.995528838,1,0.447116177,2,0.909067726,2.23654E-05,0.090906773,3.13564E-06,2.55011E-05,2.46E-05,2.24E-05,,,
dominancecoeff,1.00E-07,0.001,0.01,1,0.99,1,1,0.995307909,1,1,0.995307909,0.995307909,1,0.469209056,2,0.909068779,2.13124E-05,0.090906878,3.03034E-06,2.43427E-05,2.34E-05,2.13E-05,,,
dominancecoeff,1.00E-07,0.001,0.01,1,0.99,1,1,0.995182608,1,1,0.995182608,0.995182608,1,0.481739234,2,0.909069334,2.07581E-05,0.090906933,2.97491E-06,2.3733E-05,2.28E-05,2.08E-05,,,
dominancecoeff,1.00E-07,0.001,0.01,1,0.99,1,1,0.994851185,1,1,0.994851185,0.994851185,1,0.514881465,2,0.90907067,1.9422E-05,0.090907067,2.8413E-06,2.22633E-05,2.14E-05,1.94E-05,,,
dominancecoeff,1.00E-07,0.001,0.01,1,0.99,1,1,0.99466983,1,1,0.99466983,0.99466983,1,0.533016952,2,0.909071331,1.87612E-05,0.090907133,2.77522E-06,2.15364E-05,2.06E-05,1.88E-05,,,
dominancecoeff,1.00E-07,0.001,0.01,1,0.99,1,1,0.994631181,1,1,0.994631181,0.994631181,1,0.536881933,2,0.909071466,1.86261E-05,0.090907147,2.76171E-06,2.13878E-05,2.05E-05,1.86E-05,,,
dominancecoeff,1.00E-07,0.001,0.01,1,0.99,1,1,0.994613581,1,1,0.994613581,0.994613581,1,0.538641859,2,0.909071526,1.85653E-05,0.090907153,2.75562E-06,2.13209E-05,2.04E-05,1.86E-05,,,
dominancecoeff,1.00E-07,0.001,0.01,1,0.99,1,1,0.994584573,1,1,0.994584573,0.994584573,1,0.541542681,2,0.909071626,1.84658E-05,0.090907163,2.74568E-06,2.12115E-05,2.03E-05,1.85E-05,,,
dominancecoeff,1.00E-07,0.001,0.01,1,0.99,1,1,0.994558849,1,1,0.994558849,0.994558849,1,0.544115096,2,0.909071713,1.83785E-05,0.090907171,2.73695E-06,2.11155E-05,2.02E-05,1.84E-05,,,
dominancecoeff,1.00E-07,0.001,0.01,1,0.99,1,1,0.994289945,1,1,0.994289945,0.994289945,1,0.571005479,2,0.909072579,1.7513E-05,0.090907258,2.6504E-06,2.01634E-05,1.93E-05,1.75E-05,,,
dominancecoeff,1.00E-07,0.001,0.01,1,0.99,1,1,0.994250069,1,1,0.994250069,0.994250069,1,0.574993051,2,0.9090727,1.73916E-05,0.09090727,2.63826E-06,2.00298E-05,1.91E-05,1.74E-05,,,
dominancecoeff,1.00E-07,0.001,0.01,1,0.99,1,1,0.994218412,1,1,0.994218412,0.994218412,1,0.578158776,2,0.909072795,1.72964E-05,0.09090728,2.62874E-06,1.99251E-05,1.90E-05,1.73E-05,,,
dominancecoeff,1.00E-07,0.001,0.01,1,0.99,1,1,0.993969669,1,1,0.993969669,0.993969669,1,0.603033148,2,0.909073509,1.65829E-05,0.090907351,2.55739E-06,1.91403E-05,1.82E-05,1.66E-05,,,
dominancecoeff,1.00E-07,0.001,0.01,1,0.99,1,1,0.993965732,1,1,0.993965732,0.993965732,1,0.603426754,2,0.90907352,1.65721E-05,0.090907352,2.55631E-06,1.91284E-05,1.82E-05,1.66E-05,,,
dominancecoeff,1.00E-07,0.001,0.01,1,0.99,1,1,0.993934926,1,1,0.993934926,0.993934926,1,0.606507429,2,0.909073604,1.64879E-05,0.09090736,2.54789E-06,1.90358E-05,1.81E-05,1.65E-05,,,
dominancecoeff,1.00E-07,0.001,0.01,1,0.99,1,1,0.993730633,1,1,0.993730633,0.993730633,1,0.626936669,2,0.909074141,1.59507E-05,0.090907414,2.49417E-06,1.84448E-05,1.75E-05,1.60E-05,,,
dominancecoeff,1.00E-07,0.001,0.01,1,0.99,1,1,0.993728197,1,1,0.993728197,0.993728197,1,0.627180272,2,0.909074147,1.59445E-05,0.090907415,2.49355E-06,1.8438E-05,1.75E-05,1.59E-05,,,
dominancecoeff,1.00E-07,0.001,0.01,1,0.99,1,1,0.993716225,1,1,0.993716225,0.993716225,1,0.628377457,2,0.909074178,1.59141E-05,0.090907418,2.49051E-06,1.84046E-05,1.75E-05,1.59E-05,,,
dominancecoeff,1.00E-07,0.001,0.01,1,0.99,1,1,0.993436347,1,1,0.993436347,0.993436347,1,0.656365254,2,0.909074856,1.52355E-05,0.090907486,2.42265E-06,1.76582E-05,1.68E-05,1.52E-05,,,
dominancecoeff,1.00E-07,0.001,0.01,1,0.99,1,1,0.993368228,1,1,0.993368228,0.993368228,1,0.663177236,2,0.909075013,1.5079E-05,0.090907501,2.407E-06,1.7486E-05,1.66E-05,1.51E-05,,,
dominancecoeff,1.00E-07,0.001,0.01,1,0.99,1,1,0.993244621,1,1,0.993244621,0.993244621,1,0.675537928,2,0.909075289,1.48031E-05,0.090907529,2.37941E-06,1.71825E-05,1.63E-05,1.48E-05,,,
dominancecoeff,1.00E-07,0.001,0.01,1,0.99,1,1,0.993194,1,1,0.993194,0.993194,1,0.680599982,2,0.909075399,1.4693E-05,0.09090754,2.3684E-06,1.70614E-05,1.62E-05,1.47E-05,,,
dominancecoeff,1.00E-07,0.001,0.01,1,0.99,1,1,0.993138212,1,1,0.993138212,0.993138212,1,0.686178766,2,0.909075518,1.45736E-05,0.090907552,2.35646E-06,1.693E-05,1.60E-05,1.46E-05,,,
dominancecoeff,1.00E-07,0.001,0.01,1,0.99,1,1,0.993074765,1,1,0.993074765,0.993074765,1,0.692523501,2,0.909075652,1.44401E-05,0.090907565,2.3431E-06,1.67832E-05,1.59E-05,1.44E-05,,,
dominancecoeff,1.00E-07,0.001,0.01,1,0.99,1,1,0.992768584,1,1,0.992768584,0.992768584,1,0.723141579,2,0.909076263,1.38287E-05,0.090907626,2.28197E-06,1.61106E-05,1.52E-05,1.38E-05,,,
dominancecoeff,1.00E-07,0.001,0.01,1,0.99,1,1,0.992765837,1,1,0.992765837,0.992765837,1,0.723416285,2,0.909076268,1.38234E-05,0.090907627,2.28144E-06,1.61049E-05,1.52E-05,1.38E-05,,,
dominancecoeff,1.00E-07,0.001,0.01,1,0.99,1,1,0.992743946,1,1,0.992743946,0.992743946,1,0.725605385,2,0.90907631,1.37817E-05,0.090907631,2.27727E-06,1.6059E-05,1.52E-05,1.38E-05,,,
dominancecoeff,1.00E-07,0.001,0.01,1,0.99,1,1,0.992566885,1,1,0.992566885,0.992566885,1,0.743311543,2,0.909076638,1.34534E-05,0.090907664,2.24444E-06,1.56979E-05,1.48E-05,1.35E-05,,,
dominancecoeff,1.00E-07,0.001,0.01,1,0.99,1,1,0.992466946,1,1,0.992466946,0.992466946,1,0.753305446,2,0.909076817,1.32749E-05,0.090907682,2.22659E-06,1.55015E-05,1.46E-05,1.33E-05,,,
dominancecoeff,1.00E-07,0.001,0.01,1,0.99,1,1,0.992403945,1,1,0.992403945,0.992403945,1,0.759605453,2,0.909076927,1.31648E-05,0.090907693,2.21558E-06,1.53804E-05,1.45E-05,1.32E-05,,,
dominancecoeff,1.00E-07,0.001,0.01,1,0.99,1,1,0.992177073,1,1,0.992177073,0.992177073,1,0.782292723,2,0.909077309,1.27831E-05,0.090907731,2.1774E-06,1.49605E-05,1.41E-05,1.28E-05,,,
dominancecoeff,1.00E-07,0.001,0.01,1,0.99,1,1,0.99214854,1,1,0.99214854,0.99214854,1,0.785145965,2,0.909077355,1.27366E-05,0.090907736,2.17276E-06,1.49094E-05,1.40E-05,1.27E-05,,,
dominancecoeff,1.00E-07,0.001,0.01,1,0.99,1,1,0.992029409,1,1,0.992029409,0.992029409,1,0.797059097,2,0.909077545,1.25462E-05,0.090907755,2.15372E-06,1.47E-05,1.38E-05,1.25E-05,,,
dominancecoeff,1.00E-07,0.001,0.01,1,0.99,1,1,0.991958182,1,1,0.991958182,0.991958182,1,0.804181777,2,0.909077657,1.24351E-05,0.090907766,2.14261E-06,1.45777E-05,1.37E-05,1.24E-05,,,
dominancecoeff,1.00E-07,0.001,0.01,1,0.99,1,1,0.991713178,1,1,0.991713178,0.991713178,1,0.828682178,2,0.909078024,1.20675E-05,0.090907802,2.10585E-06,1.41733E-05,1.33E-05,1.21E-05,,,
dominancecoeff,1.00E-07,0.001,0.01,1,0.99,1,1,0.991557902,1,1,0.991557902,0.991557902,1,0.844209753,2,0.909078246,1.18455E-05,0.090907825,2.08365E-06,1.39292E-05,1.30E-05,1.18E-05,,,
dominancecoeff,1.00E-07,0.001,0.01,1,0.99,1,1,0.991522649,1,1,0.991522649,0.991522649,1,0.847735058,2,0.909078295,1.17963E-05,0.09090783,2.07872E-06,1.3875E-05,1.30E-05,1.18E-05,,,
dominancecoeff,1.00E-07,0.001,0.01,1,0.99,1,1,0.991406574,1,1,0.991406574,0.991406574,1,0.859342613,2,0.909078455,1.16369E-05,0.090907845,2.06279E-06,1.36997E-05,1.28E-05,1.16E-05,,,
dominancecoeff,1.00E-07,0.001,0.01,1,0.99,1,1,0.991369172,1,1,0.991369172,0.991369172,1,0.863082779,2,0.909078505,1.15865E-05,0.090907851,2.05775E-06,1.36442E-05,1.27E-05,1.16E-05,,,
dominancecoeff,1.00E-07,0.001,0.01,1,0.99,1,1,0.991365141,1,1,0.991365141,0.991365141,1,0.863485885,2,0.909078511,1.15811E-05,0.090907851,2.05721E-06,1.36383E-05,1.27E-05,1.16E-05,,,
dominancecoeff,1.00E-07,0.001,0.01,1,0.99,1,1,0.990965994,1,1,0.990965994,0.990965994,1,0.903400624,2,0.909079022,1.10694E-05,0.090907902,2.00604E-06,1.30754E-05,1.22E-05,1.11E-05,,,
dominancecoeff,1.00E-07,0.001,0.01,1,0.99,1,1,0.990864155,1,1,0.990864155,0.990864155,1,0.913584494,2,0.909079146,1.0946E-05,0.090907915,1.9937E-06,1.29397E-05,1.20E-05,1.09E-05,,,
dominancecoeff,1.00E-07,0.001,0.01,1,0.99,1,1,0.990823867,1,1,0.990823867,0.990823867,1,0.917613269,2,0.909079194,1.08979E-05,0.090907919,1.98889E-06,1.28868E-05,1.20E-05,1.09E-05,,,
dominancecoeff,1.00E-07,0.001,0.01,1,0.99,1,1,0.990808108,1,1,0.990808108,0.990808108,1,0.919189201,2,0.909079212,1.08793E-05,0.090907921,1.98703E-06,1.28663E-05,1.20E-05,1.09E-05,,,
dominancecoeff,1.00E-07,0.001,0.01,1,0.99,1,1,0.990668393,1,1,0.990668393,0.990668393,1,0.93316075,2,0.909079375,1.07164E-05,0.090907938,1.97074E-06,1.26871E-05,1.18E-05,1.07E-05,,,
dominancecoeff,1.00E-07,0.001,0.01,1,0.99,1,1,0.990544323,1,1,0.990544323,0.990544323,1,0.945567735,2,0.909079516,1.05758E-05,0.090907952,1.95668E-06,1.25324E-05,1.16E-05,1.06E-05,,,
dominancecoeff,1.00E-07,0.001,0.01,1,0.99,1,1,0.99047098,1,1,0.99047098,0.99047098,1,0.952902016,2,0.909079597,1.04944E-05,0.09090796,1.94854E-06,1.24429E-05,1.15E-05,1.05E-05,,,
dominancecoeff,1.00E-07,0.001,0.01,1,0.99,1,1,0.990355915,1,1,0.990355915,0.990355915,1,0.964408547,2,0.909079723,1.03692E-05,0.090907972,1.93601E-06,1.23052E-05,1.14E-05,1.04E-05,,,
dominancecoeff,1.00E-07,0.001,0.01,1,0.99,1,1,0.990336382,1,1,0.990336382,0.990336382,1,0.966361785,2,0.909079744,1.03482E-05,0.090907974,1.93392E-06,1.22821E-05,1.14E-05,1.03E-05,,,
dominancecoeff,1.00E-07,0.001,0.01,1,0.99,1,1,0.990234592,1,1,0.990234592,0.990234592,1,0.976540831,2,0.909079851,1.02403E-05,0.090907985,1.92313E-06,1.21635E-05,1.13E-05,1.02E-05,,,
dominancecoeff,1.00E-07,0.001,0.01,1,0.99,1,1,0.990225255,1,1,0.990225255,0.990225255,1,0.977474519,2,0.909079861,1.02305E-05,0.090907986,1.92215E-06,1.21527E-05,1.13E-05,1.02E-05,,,
dominancecoeff,1.00E-07,0.001,0.01,1,0.99,1,1,0.990130698,1,1,0.990130698,0.990130698,1,0.986930183,2,0.909079959,1.01325E-05,0.090907996,1.91235E-06,1.20449E-05,1.11E-05,1.01E-05,,,
dominancecoeff,1.00E-07,0.001,0.01,1,0.99,1,1,0.990113225,1,1,0.990113225,0.990113225,1,0.988677451,2,0.909079977,1.01146E-05,0.090907998,1.91056E-06,1.20252E-05,1.11E-05,1.01E-05,,,
dominancecoeff,1.00E-07,0.001,0.1,1,0.99,1,1,0.996857228,1,1,0.996857228,0.996857228,1,0.314277194,2,0.990067183,3.18178E-05,0.009900672,3.27079E-07,3.21449E-05,3.21E-05,3.18E-05,,,
dominancecoeff,1.00E-07,0.001,0.1,1,0.99,1,1,0.991758921,1,1,0.991758921,0.991758921,1,0.824107862,2,0.990086867,1.21344E-05,0.009900869,1.30245E-07,1.22647E-05,1.23E-05,1.21E-05,,,
dominancecoeff,1.00E-07,0.001,0.1,1,0.99,1,1,0.995707264,1,1,0.995707264,0.995707264,1,0.429273586,2,0.990075706,2.3295E-05,0.009900757,2.41851E-07,2.35368E-05,2.35E-05,2.33E-05,,,
dominancecoeff,1.00E-07,0.001,0.1,1,0.99,1,1,0.998121194,1,1,0.998121194,0.998121194,1,0.187880615,2,0.990045785,5.32159E-05,0.009900458,5.4106E-07,5.37569E-05,5.38E-05,5.32E-05,,,
dominancecoeff,1.00E-07,0.001,0.1,1,0.99,1,1,0.991901792,1,1,0.991901792,0.991901792,1,0.809820807,2,0.990086653,1.23485E-05,0.009900867,1.32386E-07,1.24809E-05,1.25E-05,1.23E-05,,,
dominancecoeff,1.00E-07,0.001,0.1,1,0.99,1,1,0.991372749,1,1,0.991372749,0.991372749,1,0.862725124,2,0.99008741,1.15913E-05,0.009900874,1.24814E-07,1.17161E-05,1.17E-05,1.16E-05,,,
dominancecoeff,1.00E-07,0.001,0.1,1,0.99,1,1,0.993834367,1,1,0.993834367,0.993834367,1,0.616563266,2,0.990082782,1.6219E-05,0.009900828,1.71091E-07,1.63901E-05,1.64E-05,1.62E-05,,,
dominancecoeff,1.00E-07,0.001,0.1,1,0.99,1,1,0.993560888,1,1,0.993560888,0.993560888,1,0.643911151,2,0.990083471,1.55302E-05,0.009900835,1.64203E-07,1.56944E-05,1.57E-05,1.55E-05,,,
dominancecoeff,1.00E-07,0.001,0.1,1,0.99,1,1,0.990082313,1,1,0.990082313,0.990082313,1,0.991768656,2,0.990088918,1.00831E-05,0.009900889,1.09732E-07,1.01928E-05,1.02E-05,1.01E-05,,,
dominancecoeff,1.00E-07,0.001,0.1,1,0.99,1,1,0.99031431,1,1,0.99031431,0.99031431,1,0.968569037,2,0.990088676,1.03246E-05,0.009900887,1.12147E-07,1.04368E-05,1.04E-05,1.03E-05,,,
dominancecoeff,1.00E-07,0.001,0.1,1,0.99,1,1,0.99226487,1,1,0.99226487,0.99226487,1,0.773513047,2,0.990086073,1.29281E-05,0.009900861,1.38182E-07,1.30663E-05,1.31E-05,1.29E-05,,,
dominancecoeff,1.00E-07,0.001,0.1,1,0.99,1,1,0.995255406,1,1,0.995255406,0.995255406,1,0.474459374,2,0.990077925,2.10766E-05,0.009900779,2.19667E-07,2.12962E-05,2.13E-05,2.11E-05,,,
dominancecoeff,1.00E-07,0.001,0.1,1,0.99,1,1,0.995262359,1,1,0.995262359,0.995262359,1,0.473764064,2,0.990077894,2.11075E-05,0.009900779,2.19976E-07,2.13275E-05,2.13E-05,2.11E-05,,,
dominancecoeff,1.00E-07,0.001,0.1,1,0.99,1,1,0.999582959,1,1,0.999582959,0.999582959,1,0.041704141,2,0.989860467,0.000238534,0.009898605,2.39424E-06,0.000240928,2.42E-04,2.40E-04,,,
dominancecoeff,1.00E-07,0.001,0.1,1,0.99,1,1,0.996245879,1,1,0.996245879,0.996245879,1,0.375412062,2,0.990072364,2.66369E-05,0.009900724,2.7527E-07,2.69122E-05,2.69E-05,2.66E-05,,,
dominancecoeff,1.00E-07,0.001,0.1,1,0.99,1,1,0.990448564,1,1,0.990448564,0.990448564,1,0.955143577,2,0.990088531,1.04697E-05,0.009900885,1.13598E-07,1.05833E-05,1.06E-05,1.05E-05,,,
dominancecoeff,1.00E-07,0.001,0.1,1,0.99,1,1,0.998047469,1,1,0.998047469,0.998047469,1,0.195253104,2,0.990047794,5.12074E-05,0.009900478,5.20975E-07,5.17284E-05,5.17E-05,5.12E-05,,,
dominancecoeff,1.00E-07,0.001,0.1,1,0.99,1,1,0.998936957,1,1,0.998936957,0.998936957,1,0.106304306,2,0.990004997,9.40041E-05,0.00990005,9.48942E-07,9.4953E-05,9.50E-05,9.41E-05,,,
dominancecoeff,1.00E-07,0.001,0.1,1,0.99,1,1,0.996139184,1,1,0.996139184,0.996139184,1,0.386081583,2,0.9900731,2.59009E-05,0.009900731,2.6791E-07,2.61688E-05,2.62E-05,2.59E-05,,,
dominancecoeff,1.00E-07,0.001,0.1,1,0.99,1,1,0.997346765,1,1,0.997346765,0.997346765,1,0.265323522,2,0.990061314,3.76873E-05,0.009900613,3.85774E-07,3.80731E-05,3.81E-05,3.77E-05,,,
dominancecoeff,1.00E-07,0.001,0.1,1,0.99,1,1,0.993047646,1,1,0.993047646,0.993047646,1,0.695235402,2,0.990084617,1.43837E-05,0.009900846,1.52738E-07,1.45365E-05,1.45E-05,1.44E-05,,,
dominancecoeff,1.00E-07,0.001,0.1,1,0.99,1,1,0.990233369,1,1,0.990233369,0.990233369,1,0.976663083,2,0.990088762,1.0239E-05,0.009900888,1.11291E-07,1.03503E-05,1.03E-05,1.02E-05,,,
dominancecoeff,1.00E-07,0.001,0.1,1,0.99,1,1,0.99707427,1,1,0.99707427,0.99707427,1,0.292573037,2,0.990064823,3.41778E-05,0.009900648,3.50679E-07,3.45285E-05,3.45E-05,3.42E-05,,,
dominancecoeff,1.00E-07,0.001,0.1,1,0.99,1,1,0.993253555,1,1,0.993253555,0.993253555,1,0.674644477,2,0.990084178,1.48227E-05,0.009900842,1.57128E-07,1.49799E-05,1.50E-05,1.48E-05,,,
dominancecoeff,1.00E-07,0.001,0.1,1,0.99,1,1,0.997212754,1,1,0.997212754,0.997212754,1,0.278724628,2,0.990063125,3.58757E-05,0.009900631,3.67658E-07,3.62433E-05,3.62E-05,3.59E-05,,,
dominancecoeff,1.00E-07,0.001,0.1,1,0.99,1,1,0.994690664,1,1,0.994690664,0.994690664,1,0.530933589,2,0.990080166,1.88348E-05,0.009900802,1.97249E-07,1.9032E-05,1.90E-05,1.88E-05,,,
dominancecoeff,1.00E-07,0.001,0.1,1,0.99,1,1,0.997015045,1,1,0.997015045,0.997015045,1,0.298495529,2,0.990065501,3.34998E-05,0.009900655,3.43899E-07,3.38437E-05,3.38E-05,3.35E-05,,,
dominancecoeff,1.00E-07,0.001,0.1,1,0.99,1,1,0.993821679,1,1,0.993821679,0.993821679,1,0.617832138,2,0.990082815,1.61857E-05,0.009900828,1.70758E-07,1.63565E-05,1.63E-05,1.62E-05,,,
dominancecoeff,1.00E-07,0.001,0.1,1,0.99,1,1,0.995496274,1,1,0.995496274,0.995496274,1,0.450372571,2,0.990076797,2.22037E-05,0.009900768,2.30938E-07,2.24347E-05,2.24E-05,2.22E-05,,,
dominancecoeff,1.00E-07,0.001,0.1,1,0.99,1,1,0.995526058,1,1,0.995526058,0.995526058,1,0.447394219,2,0.99007665,2.23515E-05,0.009900766,2.32416E-07,2.25839E-05,2.26E-05,2.24E-05,,,
dominancecoeff,1.00E-07,0.001,0.1,1,0.99,1,1,0.99706232,1,1,0.99706232,0.99706232,1,0.293768,2,0.990064962,3.40388E-05,0.00990065,3.49289E-07,3.43881E-05,3.44E-05,3.40E-05,,,
dominancecoeff,1.00E-07,0.001,0.1,1,0.99,1,1,0.993860284,1,1,0.993860284,0.993860284,1,0.613971553,2,0.990082714,1.62875E-05,0.009900827,1.71776E-07,1.64593E-05,1.65E-05,1.63E-05,,,
dominancecoeff,1.00E-07,0.001,0.1,1,0.99,1,1,0.998722965,1,1,0.998722965,0.998722965,1,0.127703466,2,0.99002073,7.82707E-05,0.009900207,7.91608E-07,7.90623E-05,7.91E-05,7.83E-05,,,
dominancecoeff,1.00E-07,0.001,0.1,1,0.99,1,1,0.990394069,1,1,0.990394069,0.990394069,1,0.96059306,2,0.990088591,1.04103E-05,0.009900886,1.13004E-07,1.05233E-05,1.05E-05,1.04E-05,,,
dominancecoeff,1.00E-07,0.001,0.1,1,0.99,1,1,0.99777005,1,1,0.99777005,0.99777005,1,0.22299505,2,0.990054162,4.4839E-05,0.009900542,4.57291E-07,4.52963E-05,4.53E-05,4.48E-05,,,
dominancecoeff,1.00E-07,0.001,0.1,1,0.99,1,1,0.999005646,1,1,0.999005646,0.999005646,1,0.099435438,2,0.989998515,0.000100486,0.009899985,1.01377E-06,0.0001015,1.02E-04,1.01E-04,,,
dominancecoeff,1.00E-07,0.001,0.1,1,0.99,1,1,0.999772818,1,1,0.999772818,0.999772818,1,0.022718168,2,0.989666678,0.000432323,0.009896667,4.33213E-06,0.000436655,4.45E-04,4.40E-04,,,
dominancecoeff,1.00E-07,0.001,0.1,1,0.99,1,1,0.990017321,1,1,0.990017321,0.990017321,1,0.99826793,2,0.990088984,1.00174E-05,0.00990089,1.09076E-07,1.01265E-05,1.01E-05,1.00E-05,,,
dominancecoeff,1.00E-07,0.001,0.1,1,0.99,1,1,0.991880688,1,1,0.991880688,0.991880688,1,0.811931197,2,0.990086685,1.23164E-05,0.009900867,1.32065E-07,1.24485E-05,1.24E-05,1.23E-05,,,
dominancecoeff,1.00E-07,0.001,0.1,1,0.99,1,1,0.991532639,1,1,0.991532639,0.991532639,1,0.846736107,2,0.990087191,1.18102E-05,0.009900872,1.27003E-07,1.19372E-05,1.19E-05,1.18E-05,,,
dominancecoeff,1.00E-07,0.001,0.1,1,0.99,1,1,0.992748771,1,1,0.992748771,0.992748771,1,0.725122865,2,0.99008521,1.37909E-05,0.009900852,1.4681E-07,1.39377E-05,1.39E-05,1.38E-05,,,
dominancecoeff,1.00E-07,0.001,0.1,1,0.99,1,1,0.993271026,1,1,0.993271026,0.993271026,1,0.672897371,2,0.99008414,1.48612E-05,0.009900841,1.57513E-07,1.50187E-05,1.50E-05,1.49E-05,,,
dominancecoeff,1.00E-07,0.001,0.1,1,0.99,1,1,0.99694996,1,1,0.99694996,0.99694996,1,0.305003968,2,0.990066216,3.27851E-05,0.009900662,3.36752E-07,3.31218E-05,3.31E-05,3.28E-05,,,
dominancecoeff,1.00E-07,0.001,0.1,1,0.99,1,1,0.997179082,1,1,0.997179082,0.997179082,1,0.282091849,2,0.990063554,3.54475E-05,0.009900636,3.63376E-07,3.58109E-05,3.58E-05,3.54E-05,,,
dominancecoeff,1.00E-07,0.001,0.1,1,0.99,1,1,0.993564768,1,1,0.993564768,0.993564768,1,0.643523177,2,0.990083462,1.55396E-05,0.009900835,1.64297E-07,1.57039E-05,1.57E-05,1.55E-05,,,
dominancecoeff,1.00E-07,0.001,0.1,1,0.99,1,1,0.990452713,1,1,0.990452713,0.990452713,1,0.954728717,2,0.990088527,1.04743E-05,0.009900885,1.13644E-07,1.05879E-05,1.06E-05,1.05E-05,,,
dominancecoeff,1.00E-07,0.001,0.1,1,0.99,1,1,0.995192646,1,1,0.995192646,0.995192646,1,0.480735444,2,0.9900782,2.08014E-05,0.009900782,2.16915E-07,2.10183E-05,2.10E-05,2.08E-05,,,
dominancecoeff,1.00E-07,0.001,0.1,1,0.99,1,1,0.999771551,1,1,0.999771551,0.999771551,1,0.022844912,2,0.989668991,0.00043001,0.00989669,4.309E-06,0.000434319,4.42E-04,4.38E-04,,,
dominancecoeff,1.00E-07,0.001,0.1,1,0.99,1,1,0.992129166,1,1,0.992129166,0.992129166,1,0.787083402,2,0.990086296,1.27053E-05,0.009900863,1.35953E-07,1.28412E-05,1.28E-05,1.27E-05,,,
dominancecoeff,1.00E-07,0.001,0.1,1,0.99,1,1,0.991438084,1,1,0.991438084,0.991438084,1,0.856191578,2,0.990087321,1.16797E-05,0.009900873,1.25698E-07,1.18054E-05,1.18E-05,1.17E-05,,,
dominancecoeff,1.00E-07,0.001,0.1,1,0.99,1,1,0.999022872,1,1,0.999022872,0.999022872,1,0.097712835,2,0.989996746,0.000102255,0.009899967,1.03145E-06,0.000103286,1.03E-04,1.02E-04,,,
dominancecoeff,1.00E-07,0.001,0.1,1,0.99,1,1,0.992232537,1,1,0.992232537,0.992232537,1,0.776746343,2,0.990086127,1.28743E-05,0.009900861,1.37644E-07,1.3012E-05,1.30E-05,1.29E-05,,,
dominancecoeff,1.00E-07,0.001,0.1,1,0.99,1,1,0.990875148,1,1,0.990875148,0.990875148,1,0.912485164,2,0.990088042,1.09592E-05,0.00990088,1.18493E-07,1.10777E-05,1.11E-05,1.10E-05,,,
dominancecoeff,1.00E-07,0.001,0.1,1,0.99,1,1,0.997879365,1,1,0.997879365,0.997879365,1,0.212063469,2,0.990051851,4.71497E-05,0.009900519,4.80398E-07,4.763E-05,4.76E-05,4.72E-05,,,
dominancecoeff,1.00E-07,0.001,0.1,1,0.99,1,1,0.992641173,1,1,0.992641173,0.992641173,1,0.735882727,2,0.990085412,1.35892E-05,0.009900854,1.44793E-07,1.3734E-05,1.37E-05,1.36E-05,,,
dominancecoeff,1.00E-07,0.001,0.1,1,0.99,1,1,0.994336392,1,1,0.994336392,0.994336392,1,0.566360772,2,0.990081344,1.76567E-05,0.009900813,1.85468E-07,1.78421E-05,1.78E-05,1.77E-05,,,
dominancecoeff,1.00E-07,0.001,0.1,1,0.99,1,1,0.994947926,1,1,0.994947926,0.994947926,1,0.505207417,2,0.990079207,1.97939E-05,0.009900792,2.0684E-07,2.00007E-05,2.00E-05,1.98E-05,,,
dominancecoeff,1.00E-07,0.001,0.1,1,0.99,1,1,0.990789848,1,1,0.990789848,0.990789848,1,0.921015158,2,0.990088143,1.08577E-05,0.009900881,1.17478E-07,1.09752E-05,1.10E-05,1.09E-05,,,
dominancecoeff,1.00E-07,0.001,0.1,1,0.99,1,1,0.992293228,1,1,0.992293228,0.992293228,1,0.770677205,2,0.990086025,1.29757E-05,0.00990086,1.38658E-07,1.31144E-05,1.31E-05,1.30E-05,,,
dominancecoeff,1.00E-07,0.001,0.1,1,0.99,1,1,0.997927198,1,1,0.997927198,0.997927198,1,0.207280203,2,0.990050764,4.82373E-05,0.009900508,4.91274E-07,4.87286E-05,4.87E-05,4.82E-05,,,
dominancecoeff,1.00E-07,0.001,0.1,1,0.99,1,1,0.991548006,1,1,0.991548006,0.991548006,1,0.845199399,2,0.990087169,1.18316E-05,0.009900872,1.27217E-07,1.19589E-05,1.19E-05,1.18E-05,,,
dominancecoeff,1.00E-07,0.001,0.1,1,0.99,1,1,0.998261635,1,1,0.998261635,0.998261635,1,0.173836509,2,0.990041488,5.75129E-05,0.009900415,5.8403E-07,5.80969E-05,5.81E-05,5.75E-05,,,
dominancecoeff,1.00E-07,0.001,0.1,1,0.99,1,1,0.996311262,1,1,0.996311262,0.996311262,1,0.368873814,2,0.990071892,2.7109E-05,0.009900719,2.79991E-07,2.7389E-05,2.74E-05,2.71E-05,,,
dominancecoeff,1.00E-07,0.001,0.1,1,0.99,1,1,0.992427445,1,1,0.992427445,0.992427445,1,0.757255508,2,0.990085795,1.32057E-05,0.009900858,1.40958E-07,1.33467E-05,1.33E-05,1.32E-05,,,
dominancecoeff,1.00E-07,0.001,0.1,1,0.99,1,1,0.993878143,1,1,0.993878143,0.993878143,1,0.612185684,2,0.990082666,1.6335E-05,0.009900827,1.72251E-07,1.65073E-05,1.65E-05,1.63E-05,,,
dominancecoeff,1.00E-07,0.001,0.1,1,0.99,1,1,0.997046345,1,1,0.997046345,0.997046345,1,0.295365468,2,0.990065146,3.38548E-05,0.009900651,3.47449E-07,3.42022E-05,3.42E-05,3.39E-05,,,
dominancecoeff,1.00E-07,0.001,0.1,1,0.99,1,1,0.995752781,1,1,0.995752781,0.995752781,1,0.424721874,2,0.990075456,2.35446E-05,0.009900755,2.44347E-07,2.3789E-05,2.38E-05,2.35E-05,,,
dominancecoeff,1.00E-07,0.001,0.1,1,0.99,1,1,0.996768654,1,1,0.996768654,0.996768654,1,0.323134564,2,0.990068055,3.09458E-05,0.009900681,3.18359E-07,3.12642E-05,3.13E-05,3.09E-05,,,
dominancecoeff,1.00E-07,0.001,0.1,1,0.99,1,1,0.994337666,1,1,0.994337666,0.994337666,1,0.566233368,2,0.99008134,1.76606E-05,0.009900813,1.85507E-07,1.78461E-05,1.78E-05,1.77E-05,,,
dominancecoeff,1.00E-07,0.001,0.1,1,0.99,1,1,0.997463256,1,1,0.997463256,0.997463256,1,0.253674359,2,0.990059583,3.94176E-05,0.009900596,4.03077E-07,3.98207E-05,3.98E-05,3.94E-05,,,
dominancecoeff,1.00E-07,0.001,0.1,1,0.99,1,1,0.996824244,1,1,0.996824244,0.996824244,1,0.31757562,2,0.990067514,3.14874E-05,0.009900675,3.23775E-07,3.18112E-05,3.18E-05,3.15E-05,,,
dominancecoeff,1.00E-07,0.001,0.1,1,0.99,1,1,0.99487488,1,1,0.99487488,0.99487488,1,0.51251204,2,0.990079489,1.95118E-05,0.009900795,2.04019E-07,1.97158E-05,1.97E-05,1.95E-05,,,
dominancecoeff,1.00E-07,0.001,0.1,1,0.99,1,1,0.993532186,1,1,0.993532186,0.993532186,1,0.646781354,2,0.99008354,1.54613E-05,0.009900835,1.63514E-07,1.56248E-05,1.56E-05,1.55E-05,,,
dominancecoeff,1.00E-07,0.001,0.1,1,0.99,1,1,0.992941014,1,1,0.992941014,0.992941014,1,0.705898582,2,0.990084835,1.41665E-05,0.009900848,1.50566E-07,1.4317E-05,1.43E-05,1.42E-05,,,
dominancecoeff,1.00E-07,0.001,0.1,1,0.99,1,1,0.990033863,1,1,0.990033863,0.990033863,1,0.996613727,2,0.990088967,1.00341E-05,0.00990089,1.09242E-07,1.01433E-05,1.01E-05,1.00E-05,,,
dominancecoeff,1.00E-07,0.001,0.1,1,0.99,1,1,0.991578162,1,1,0.991578162,0.991578162,1,0.842183842,2,0.990087127,1.1874E-05,0.009900871,1.27641E-07,1.20016E-05,1.20E-05,1.19E-05,,,
dominancecoeff,1.00E-07,0.001,0.1,1,0.99,1,1,0.994058051,1,1,0.994058051,0.994058051,1,0.594194877,2,0.990082172,1.68296E-05,0.009900822,1.77197E-07,1.70068E-05,1.70E-05,1.68E-05,,,
dominancecoeff,1.00E-07,0.001,0.1,1,0.99,1,1,0.997681137,1,1,0.997681137,0.997681137,1,0.23188633,2,0.990055881,4.31203E-05,0.009900559,4.40104E-07,4.35604E-05,4.36E-05,4.31E-05,,,
dominancecoeff,1.00E-07,0.001,0.1,1,0.99,1,1,0.994014107,1,1,0.994014107,0.994014107,1,0.598589326,2,0.990082295,1.6706E-05,0.009900823,1.75961E-07,1.6882E-05,1.69E-05,1.67E-05,,,
dominancecoeff,1.00E-07,0.001,0.1,1,0.99,1,1,0.999610604,1,1,0.999610604,0.999610604,1,0.038939599,2,0.989843736,0.000255265,0.009898437,2.56155E-06,0.000257826,2.59E-04,2.57E-04,,,
dominancecoeff,1.00E-07,0.001,0.1,1,0.99,1,1,0.998199314,1,1,0.998199314,0.998199314,1,0.180068634,2,0.990043478,5.55234E-05,0.009900435,5.64135E-07,5.60876E-05,5.61E-05,5.55E-05,,,
dominancecoeff,1.00E-07,0.001,0.1,1,0.99,1,1,0.996397208,1,1,0.996397208,0.996397208,1,0.360279214,2,0.990071245,2.77556E-05,0.009900712,2.86457E-07,2.80421E-05,2.80E-05,2.78E-05,,,
dominancecoeff,1.00E-07,0.001,0.1,1,0.99,1,1,0.991241525,1,1,0.991241525,0.991241525,1,0.875847481,2,0.990087583,1.14176E-05,0.009900876,1.23077E-07,1.15407E-05,1.15E-05,1.14E-05,,,
dominancecoeff,1.00E-07,0.001,0.1,1,0.99,1,1,0.993932078,1,1,0.993932078,0.993932078,1,0.606792214,2,0.990082521,1.64802E-05,0.009900825,1.73703E-07,1.66539E-05,1.66E-05,1.65E-05,,,
dominancecoeff,1.00E-07,0.001,0.1,1,0.99,1,1,0.998506276,1,1,0.998506276,0.998506276,1,0.149372415,2,0.990032075,6.69257E-05,0.009900321,6.78158E-07,6.76039E-05,6.76E-05,6.69E-05,,,
dominancecoeff,1.00E-07,0.001,0.1,1,0.99,1,1,0.9976724,1,1,0.9976724,0.9976724,1,0.23276002,2,0.990056043,4.29585E-05,0.00990056,4.38486E-07,4.33969E-05,4.34E-05,4.30E-05,,,
dominancecoeff,1.00E-07,0.001,0.1,1,0.99,1,1,0.992833925,1,1,0.992833925,0.992833925,1,0.716607509,2,0.990085046,1.39548E-05,0.00990085,1.48449E-07,1.41032E-05,1.41E-05,1.40E-05,,,
dominancecoeff,1.00E-07,0.001,0.1,1,0.99,1,1,0.998088009,1,1,0.998088009,0.998088009,1,0.191199125,2,0.990046708,5.22927E-05,0.009900467,5.31828E-07,5.28245E-05,5.28E-05,5.23E-05,,,
dominancecoeff,1.00E-07,0.001,0.1,1,0.99,1,1,0.995454845,1,1,0.995454845,0.995454845,1,0.454515503,2,0.990077,2.20014E-05,0.00990077,2.28915E-07,2.22303E-05,2.22E-05,2.20E-05,,,
dominancecoeff,1.00E-07,0.001,0.1,1,0.99,1,1,0.990340686,1,1,0.990340686,0.990340686,1,0.96593143,2,0.990088648,1.03528E-05,0.009900886,1.12429E-07,1.04652E-05,1.05E-05,1.04E-05,,,
dominancecoeff,1.00E-07,0.001,0.1,1,0.99,1,1,0.991484523,1,1,0.991484523,0.991484523,1,0.85154768,2,0.990087258,1.17434E-05,0.009900873,1.26335E-07,1.18698E-05,1.19E-05,1.17E-05,,,
dominancecoeff,1.00E-07,0.001,0.1,1,0.99,1,1,0.990592177,1,1,0.990592177,0.990592177,1,0.94078226,2,0.990088372,1.06296E-05,0.009900884,1.15197E-07,1.07448E-05,1.07E-05,1.06E-05,,,
dominancecoeff,1.00E-07,0.001,0.1,1,0.99,1,1,0.99038483,1,1,0.99038483,0.99038483,1,0.961517037,2,0.990088601,1.04003E-05,0.009900886,1.12904E-07,1.05132E-05,1.05E-05,1.04E-05,,,
dominancecoeff,1.00E-07,0.001,0.1,1,0.99,1,1,0.99650496,1,1,0.99650496,0.99650496,1,0.349503975,2,0.99007039,2.86113E-05,0.009900704,2.95014E-07,2.89063E-05,2.89E-05,2.86E-05,,,
dominancecoeff,1.00E-07,0.001,0.1,1,0.99,1,1,0.993318594,1,1,0.993318594,0.993318594,1,0.668140588,2,0.990084034,1.4967E-05,0.00990084,1.58571E-07,1.51256E-05,1.51E-05,1.50E-05,,,
dominancecoeff,1.00E-07,0.001,0.1,1,0.99,1,1,0.993427095,1,1,0.993427095,0.993427095,1,0.657290527,2,0.990083787,1.52141E-05,0.009900838,1.61042E-07,1.53751E-05,1.54E-05,1.52E-05,,,
dominancecoeff,1.00E-07,0.001,0.1,1,0.99,1,1,0.994774739,1,1,0.994774739,0.994774739,1,0.522526056,2,0.990079863,1.91378E-05,0.009900799,2.00279E-07,1.93381E-05,1.93E-05,1.91E-05,,,
dominancecoeff,1.00E-07,0.001,0.1,1,0.99,1,1,0.997145173,1,1,0.997145173,0.997145173,1,0.285482728,2,0.990063975,3.50265E-05,0.00990064,3.59166E-07,3.53857E-05,3.54E-05,3.50E-05,,,
dominancecoeff,1.00E-07,0.001,0.1,1,0.99,1,1,0.99797328,1,1,0.99797328,0.99797328,1,0.202671984,2,0.990049667,4.93337E-05,0.009900497,5.02238E-07,4.98359E-05,4.98E-05,4.93E-05,,,
dominancecoeff,1.00E-07,0.001,0.1,1,0.99,1,1,0.991511476,1,1,0.991511476,0.991511476,1,0.84885241,2,0.99008722,1.17807E-05,0.009900872,1.26708E-07,1.19074E-05,1.19E-05,1.18E-05,,,
dominancecoeff,1.00E-07,0.01,0.01,1,0.99,1,1,0.999772818,1,1,0.999772818,0.999772818,1,0.022718168,2,0.499565227,0.000432323,0.499565227,0.000437223,0.000869546,8.80E-04,4.40E-04,,,
dominancecoeff,1.00E-07,0.01,0.01,1,0.99,1,1,0.999771551,1,1,0.999771551,0.999771551,1,0.022844912,2,0.49956754,0.00043001,0.49956754,0.00043491,0.00086492,8.75E-04,4.38E-04,,,
dominancecoeff,1.00E-07,0.01,0.01,1,0.99,1,1,0.999610604,1,1,0.999610604,0.999610604,1,0.038939599,2,0.499742285,0.000255265,0.499742285,0.000260165,0.00051543,5.14E-04,2.57E-04,,,
dominancecoeff,1.00E-07,0.01,0.01,1,0.99,1,1,0.999582959,1,1,0.999582959,0.999582959,1,0.041704141,2,0.499759016,0.000238534,0.499759016,0.000243434,0.000481968,4.80E-04,2.40E-04,,,
dominancecoeff,1.00E-07,0.01,0.01,1,0.99,1,1,0.999022872,1,1,0.999022872,0.999022872,1,0.097712835,2,0.499895295,0.000102255,0.499895295,0.000107155,0.000209409,2.05E-04,1.02E-04,,,
dominancecoeff,1.00E-07,0.01,0.01,1,0.99,1,1,0.999005646,1,1,0.999005646,0.999005646,1,0.099435438,2,0.499897064,0.000100486,0.499897064,0.000105386,0.000205873,2.01E-04,1.01E-04,,,
dominancecoeff,1.00E-07,0.01,0.01,1,0.99,1,1,0.998936957,1,1,0.998936957,0.998936957,1,0.106304306,2,0.499903546,9.40041E-05,0.499903546,9.89041E-05,0.000192908,1.88E-04,9.41E-05,,,
dominancecoeff,1.00E-07,0.01,0.01,1,0.99,1,1,0.998722965,1,1,0.998722965,0.998722965,1,0.127703466,2,0.499919279,7.82707E-05,0.499919279,8.31707E-05,0.000161441,1.57E-04,7.83E-05,,,
dominancecoeff,1.00E-07,0.01,0.01,1,0.99,1,1,0.998506276,1,1,0.998506276,0.998506276,1,0.149372415,2,0.499930624,6.69257E-05,0.499930624,7.18258E-05,0.000138751,1.34E-04,6.69E-05,,,
dominancecoeff,1.00E-07,0.01,0.01,1,0.99,1,1,0.998261635,1,1,0.998261635,0.998261635,1,0.173836509,2,0.499940037,5.75129E-05,0.499940037,6.24129E-05,0.000119926,1.15E-04,5.75E-05,,,
dominancecoeff,1.00E-07,0.01,0.01,1,0.99,1,1,0.998199314,1,1,0.998199314,0.998199314,1,0.180068634,2,0.499942027,5.55234E-05,0.499942027,6.04234E-05,0.000115947,1.11E-04,5.55E-05,,,
dominancecoeff,1.00E-07,0.01,0.01,1,0.99,1,1,0.998121194,1,1,0.998121194,0.998121194,1,0.187880615,2,0.499944334,5.32159E-05,0.499944334,5.81159E-05,0.000111332,1.06E-04,5.32E-05,,,
dominancecoeff,1.00E-07,0.01,0.01,1,0.99,1,1,0.998088009,1,1,0.998088009,0.998088009,1,0.191199125,2,0.499945257,5.22927E-05,0.499945257,5.71927E-05,0.000109485,1.05E-04,5.23E-05,,,
dominancecoeff,1.00E-07,0.01,0.01,1,0.99,1,1,0.998047469,1,1,0.998047469,0.998047469,1,0.195253104,2,0.499946343,5.12074E-05,0.499946343,5.61074E-05,0.000107315,1.02E-04,5.12E-05,,,
dominancecoeff,1.00E-07,0.01,0.01,1,0.99,1,1,0.99797328,1,1,0.99797328,0.99797328,1,0.202671984,2,0.499948216,4.93337E-05,0.499948216,5.42337E-05,0.000103567,9.87E-05,4.93E-05,,,
dominancecoeff,1.00E-07,0.01,0.01,1,0.99,1,1,0.997927198,1,1,0.997927198,0.997927198,1,0.207280203,2,0.499949313,4.82373E-05,0.499949313,5.31373E-05,0.000101375,9.65E-05,4.82E-05,,,
dominancecoeff,1.00E-07,0.01,0.01,1,0.99,1,1,0.997879365,1,1,0.997879365,0.997879365,1,0.212063469,2,0.4999504,4.71497E-05,0.4999504,5.20497E-05,9.91993E-05,9.43E-05,4.72E-05,,,
dominancecoeff,1.00E-07,0.01,0.01,1,0.99,1,1,0.99777005,1,1,0.99777005,0.99777005,1,0.22299505,2,0.499952711,4.4839E-05,0.499952711,4.97391E-05,9.45781E-05,8.97E-05,4.48E-05,,,
dominancecoeff,1.00E-07,0.01,0.01,1,0.99,1,1,0.997681137,1,1,0.997681137,0.997681137,1,0.23188633,2,0.49995443,4.31203E-05,0.49995443,4.80203E-05,9.11406E-05,8.62E-05,4.31E-05,,,
dominancecoeff,1.00E-07,0.01,0.01,1,0.99,1,1,0.9976724,1,1,0.9976724,0.9976724,1,0.23276002,2,0.499954592,4.29585E-05,0.499954592,4.78585E-05,9.08169E-05,8.59E-05,4.30E-05,,,
dominancecoeff,1.00E-07,0.01,0.01,1,0.99,1,1,0.997463256,1,1,0.997463256,0.997463256,1,0.253674359,2,0.499958132,3.94176E-05,0.499958132,4.43176E-05,8.37352E-05,7.88E-05,3.94E-05,,,
dominancecoeff,1.00E-07,0.01,0.01,1,0.99,1,1,0.997346765,1,1,0.997346765,0.997346765,1,0.265323522,2,0.499959863,3.76873E-05,0.499959863,4.25873E-05,8.02747E-05,7.54E-05,3.77E-05,,,
dominancecoeff,1.00E-07,0.01,0.01,1,0.99,1,1,0.997212754,1,1,0.997212754,0.997212754,1,0.278724628,2,0.499961674,3.58757E-05,0.499961674,4.07757E-05,7.66513E-05,7.18E-05,3.59E-05,,,
dominancecoeff,1.00E-07,0.01,0.01,1,0.99,1,1,0.997179082,1,1,0.997179082,0.997179082,1,0.282091849,2,0.499962102,3.54475E-05,0.499962102,4.03475E-05,7.5795E-05,7.09E-05,3.54E-05,,,
dominancecoeff,1.00E-07,0.01,0.01,1,0.99,1,1,0.997145173,1,1,0.997145173,0.997145173,1,0.285482728,2,0.499962523,3.50265E-05,0.499962523,3.99266E-05,7.49531E-05,7.01E-05,3.50E-05,,,
dominancecoeff,1.00E-07,0.01,0.01,1,0.99,1,1,0.99707427,1,1,0.99707427,0.99707427,1,0.292573037,2,0.499963372,3.41778E-05,0.499963372,3.90779E-05,7.32557E-05,6.84E-05,3.42E-05,,,
dominancecoeff,1.00E-07,0.01,0.01,1,0.99,1,1,0.99706232,1,1,0.99706232,0.99706232,1,0.293768,2,0.499963511,3.40388E-05,0.499963511,3.89389E-05,7.29777E-05,6.81E-05,3.40E-05,,,
dominancecoeff,1.00E-07,0.01,0.01,1,0.99,1,1,0.997046345,1,1,0.997046345,0.997046345,1,0.295365468,2,0.499963695,3.38548E-05,0.499963695,3.87548E-05,7.26096E-05,6.77E-05,3.39E-05,,,
dominancecoeff,1.00E-07,0.01,0.01,1,0.99,1,1,0.997015045,1,1,0.997015045,0.997015045,1,0.298495529,2,0.49996405,3.34998E-05,0.49996405,3.83998E-05,7.18997E-05,6.70E-05,3.35E-05,,,
dominancecoeff,1.00E-07,0.01,0.01,1,0.99,1,1,0.99694996,1,1,0.99694996,0.99694996,1,0.305003968,2,0.499964765,3.27851E-05,0.499964765,3.76851E-05,7.04702E-05,6.56E-05,3.28E-05,,,
dominancecoeff,1.00E-07,0.01,0.01,1,0.99,1,1,0.996857228,1,1,0.996857228,0.996857228,1,0.314277194,2,0.499965732,3.18178E-05,0.499965732,3.67179E-05,6.85357E-05,6.36E-05,3.18E-05,,,
dominancecoeff,1.00E-07,0.01,0.01,1,0.99,1,1,0.996824244,1,1,0.996824244,0.996824244,1,0.31757562,2,0.499966063,3.14874E-05,0.499966063,3.63874E-05,6.78749E-05,6.30E-05,3.15E-05,,,
dominancecoeff,1.00E-07,0.01,0.01,1,0.99,1,1,0.996768654,1,1,0.996768654,0.996768654,1,0.323134564,2,0.499966604,3.09458E-05,0.499966604,3.58458E-05,6.67916E-05,6.19E-05,3.09E-05,,,
dominancecoeff,1.00E-07,0.01,0.01,1,0.99,1,1,0.99650496,1,1,0.99650496,0.99650496,1,0.349503975,2,0.499968939,2.86113E-05,0.499968939,3.35113E-05,6.21226E-05,5.72E-05,2.86E-05,,,
dominancecoeff,1.00E-07,0.01,0.01,1,0.99,1,1,0.996397208,1,1,0.996397208,0.996397208,1,0.360279214,2,0.499969794,2.77556E-05,0.499969794,3.26557E-05,6.04113E-05,5.55E-05,2.78E-05,,,
dominancecoeff,1.00E-07,0.01,0.01,1,0.99,1,1,0.996311262,1,1,0.996311262,0.996311262,1,0.368873814,2,0.499970441,2.7109E-05,0.499970441,3.2009E-05,5.91181E-05,5.42E-05,2.71E-05,,,
dominancecoeff,1.00E-07,0.01,0.01,1,0.99,1,1,0.996245879,1,1,0.996245879,0.996245879,1,0.375412062,2,0.499970913,2.66369E-05,0.499970913,3.15369E-05,5.81739E-05,5.33E-05,2.66E-05,,,
dominancecoeff,1.00E-07,0.01,0.01,1,0.99,1,1,0.996139184,1,1,0.996139184,0.996139184,1,0.386081583,2,0.499971649,2.59009E-05,0.499971649,3.08009E-05,5.67018E-05,5.18E-05,2.59E-05,,,
dominancecoeff,1.00E-07,0.01,0.01,1,0.99,1,1,0.995752781,1,1,0.995752781,0.995752781,1,0.424721874,2,0.499974005,2.35446E-05,0.499974005,2.84446E-05,5.19893E-05,4.71E-05,2.35E-05,,,
dominancecoeff,1.00E-07,0.01,0.01,1,0.99,1,1,0.995707264,1,1,0.995707264,0.995707264,1,0.429273586,2,0.499974255,2.3295E-05,0.499974255,2.8195E-05,5.149E-05,4.66E-05,2.33E-05,,,
dominancecoeff,1.00E-07,0.01,0.01,1,0.99,1,1,0.995526058,1,1,0.995526058,0.995526058,1,0.447394219,2,0.499975198,2.23515E-05,0.499975198,2.72516E-05,4.96031E-05,4.47E-05,2.24E-05,,,
dominancecoeff,1.00E-07,0.01,0.01,1,0.99,1,1,0.995496274,1,1,0.995496274,0.995496274,1,0.450372571,2,0.499975346,2.22037E-05,0.499975346,2.71038E-05,4.93075E-05,4.44E-05,2.22E-05,,,
dominancecoeff,1.00E-07,0.01,0.01,1,0.99,1,1,0.995454845,1,1,0.995454845,0.995454845,1,0.454515503,2,0.499975549,2.20014E-05,0.499975549,2.69014E-05,4.89027E-05,4.40E-05,2.20E-05,,,
dominancecoeff,1.00E-07,0.01,0.01,1,0.99,1,1,0.995262359,1,1,0.995262359,0.995262359,1,0.473764064,2,0.499976442,2.11075E-05,0.499976442,2.60075E-05,4.7115E-05,4.22E-05,2.11E-05,,,
dominancecoeff,1.00E-07,0.01,0.01,1,0.99,1,1,0.995255406,1,1,0.995255406,0.995255406,1,0.474459374,2,0.499976473,2.10766E-05,0.499976473,2.59766E-05,4.70532E-05,4.22E-05,2.11E-05,,,
dominancecoeff,1.00E-07,0.01,0.01,1,0.99,1,1,0.995192646,1,1,0.995192646,0.995192646,1,0.480735444,2,0.499976749,2.08014E-05,0.499976749,2.57014E-05,4.65029E-05,4.16E-05,2.08E-05,,,
dominancecoeff,1.00E-07,0.01,0.01,1,0.99,1,1,0.994947926,1,1,0.994947926,0.994947926,1,0.505207417,2,0.499977756,1.97939E-05,0.499977756,2.46939E-05,4.44877E-05,3.96E-05,1.98E-05,,,
dominancecoeff,1.00E-07,0.01,0.01,1,0.99,1,1,0.99487488,1,1,0.99487488,0.99487488,1,0.51251204,2,0.499978038,1.95118E-05,0.499978038,2.44118E-05,4.39235E-05,3.90E-05,1.95E-05,,,
dominancecoeff,1.00E-07,0.01,0.01,1,0.99,1,1,0.994774739,1,1,0.994774739,0.994774739,1,0.522526056,2,0.499978412,1.91378E-05,0.499978412,2.40379E-05,4.31757E-05,3.83E-05,1.91E-05,,,
dominancecoeff,1.00E-07,0.01,0.01,1,0.99,1,1,0.994690664,1,1,0.994690664,0.994690664,1,0.530933589,2,0.499978715,1.88348E-05,0.499978715,2.37348E-05,4.25696E-05,3.77E-05,1.88E-05,,,
dominancecoeff,1.00E-07,0.01,0.01,1,0.99,1,1,0.994337666,1,1,0.994337666,0.994337666,1,0.566233368,2,0.499979889,1.76606E-05,0.499979889,2.25607E-05,4.02213E-05,3.53E-05,1.77E-05,,,
dominancecoeff,1.00E-07,0.01,0.01,1,0.99,1,1,0.994336392,1,1,0.994336392,0.994336392,1,0.566360772,2,0.499979893,1.76567E-05,0.499979893,2.25567E-05,4.02133E-05,3.53E-05,1.77E-05,,,
dominancecoeff,1.00E-07,0.01,0.01,1,0.99,1,1,0.994058051,1,1,0.994058051,0.994058051,1,0.594194877,2,0.49998072,1.68296E-05,0.49998072,2.17296E-05,3.85592E-05,3.37E-05,1.68E-05,,,
dominancecoeff,1.00E-07,0.01,0.01,1,0.99,1,1,0.994014107,1,1,0.994014107,0.994014107,1,0.598589326,2,0.499980844,1.6706E-05,0.499980844,2.16061E-05,3.83121E-05,3.34E-05,1.67E-05,,,
dominancecoeff,1.00E-07,0.01,0.01,1,0.99,1,1,0.993932078,1,1,0.993932078,0.993932078,1,0.606792214,2,0.49998107,1.64802E-05,0.49998107,2.13802E-05,3.78604E-05,3.30E-05,1.65E-05,,,
dominancecoeff,1.00E-07,0.01,0.01,1,0.99,1,1,0.993878143,1,1,0.993878143,0.993878143,1,0.612185684,2,0.499981215,1.6335E-05,0.499981215,2.1235E-05,3.757E-05,3.27E-05,1.63E-05,,,
dominancecoeff,1.00E-07,0.01,0.01,1,0.99,1,1,0.993860284,1,1,0.993860284,0.993860284,1,0.613971553,2,0.499981262,1.62875E-05,0.499981262,2.11875E-05,3.7475E-05,3.26E-05,1.63E-05,,,
dominancecoeff,1.00E-07,0.01,0.01,1,0.99,1,1,0.993834367,1,1,0.993834367,0.993834367,1,0.616563266,2,0.499981331,1.6219E-05,0.499981331,2.11191E-05,3.73381E-05,3.24E-05,1.62E-05,,,
dominancecoeff,1.00E-07,0.01,0.01,1,0.99,1,1,0.993821679,1,1,0.993821679,0.993821679,1,0.617832138,2,0.499981364,1.61857E-05,0.499981364,2.10857E-05,3.72715E-05,3.24E-05,1.62E-05,,,
dominancecoeff,1.00E-07,0.01,0.01,1,0.99,1,1,0.993564768,1,1,0.993564768,0.993564768,1,0.643523177,2,0.49998201,1.55396E-05,0.49998201,2.04396E-05,3.59791E-05,3.11E-05,1.55E-05,,,
dominancecoeff,1.00E-07,0.01,0.01,1,0.99,1,1,0.993560888,1,1,0.993560888,0.993560888,1,0.643911151,2,0.49998202,1.55302E-05,0.49998202,2.04302E-05,3.59604E-05,3.11E-05,1.55E-05,,,
dominancecoeff,1.00E-07,0.01,0.01,1,0.99,1,1,0.993532186,1,1,0.993532186,0.993532186,1,0.646781354,2,0.499982089,1.54613E-05,0.499982089,2.03613E-05,3.58226E-05,3.09E-05,1.55E-05,,,
dominancecoeff,1.00E-07,0.01,0.01,1,0.99,1,1,0.993427095,1,1,0.993427095,0.993427095,1,0.657290527,2,0.499982336,1.52141E-05,0.499982336,2.01141E-05,3.53282E-05,3.04E-05,1.52E-05,,,
dominancecoeff,1.00E-07,0.01,0.01,1,0.99,1,1,0.993318594,1,1,0.993318594,0.993318594,1,0.668140588,2,0.499982583,1.4967E-05,0.499982583,1.9867E-05,3.48341E-05,2.99E-05,1.50E-05,,,
dominancecoeff,1.00E-07,0.01,0.01,1,0.99,1,1,0.993271026,1,1,0.993271026,0.993271026,1,0.672897371,2,0.499982689,1.48612E-05,0.499982689,1.97612E-05,3.46225E-05,2.97E-05,1.49E-05,,,
dominancecoeff,1.00E-07,0.01,0.01,1,0.99,1,1,0.993253555,1,1,0.993253555,0.993253555,1,0.674644477,2,0.499982727,1.48227E-05,0.499982727,1.97228E-05,3.45455E-05,2.96E-05,1.48E-05,,,
dominancecoeff,1.00E-07,0.01,0.01,1,0.99,1,1,0.993047646,1,1,0.993047646,0.993047646,1,0.695235402,2,0.499983166,1.43837E-05,0.499983166,1.92838E-05,3.36675E-05,2.88E-05,1.44E-05,,,
dominancecoeff,1.00E-07,0.01,0.01,1,0.99,1,1,0.992941014,1,1,0.992941014,0.992941014,1,0.705898582,2,0.499983384,1.41665E-05,0.499983384,1.90665E-05,3.32329E-05,2.83E-05,1.42E-05,,,
dominancecoeff,1.00E-07,0.01,0.01,1,0.99,1,1,0.992833925,1,1,0.992833925,0.992833925,1,0.716607509,2,0.499983595,1.39548E-05,0.499983595,1.88548E-05,3.28095E-05,2.79E-05,1.40E-05,,,
dominancecoeff,1.00E-07,0.01,0.01,1,0.99,1,1,0.992748771,1,1,0.992748771,0.992748771,1,0.725122865,2,0.499983759,1.37909E-05,0.499983759,1.86909E-05,3.24818E-05,2.76E-05,1.38E-05,,,
dominancecoeff,1.00E-07,0.01,0.01,1,0.99,1,1,0.992641173,1,1,0.992641173,0.992641173,1,0.735882727,2,0.499983961,1.35892E-05,0.499983961,1.84893E-05,3.20785E-05,2.72E-05,1.36E-05,,,
dominancecoeff,1.00E-07,0.01,0.01,1,0.99,1,1,0.992427445,1,1,0.992427445,0.992427445,1,0.757255508,2,0.499984344,1.32057E-05,0.499984344,1.81057E-05,3.13114E-05,2.64E-05,1.32E-05,,,
dominancecoeff,1.00E-07,0.01,0.01,1,0.99,1,1,0.992293228,1,1,0.992293228,0.992293228,1,0.770677205,2,0.499984574,1.29757E-05,0.499984574,1.78757E-05,3.08515E-05,2.60E-05,1.30E-05,,,
dominancecoeff,1.00E-07,0.01,0.01,1,0.99,1,1,0.99226487,1,1,0.99226487,0.99226487,1,0.773513047,2,0.499984622,1.29281E-05,0.499984622,1.78282E-05,3.07563E-05,2.59E-05,1.29E-05,,,
dominancecoeff,1.00E-07,0.01,0.01,1,0.99,1,1,0.992232537,1,1,0.992232537,0.992232537,1,0.776746343,2,0.499984676,1.28743E-05,0.499984676,1.77744E-05,3.06487E-05,2.57E-05,1.29E-05,,,
dominancecoeff,1.00E-07,0.01,0.01,1,0.99,1,1,0.992129166,1,1,0.992129166,0.992129166,1,0.787083402,2,0.499984845,1.27053E-05,0.499984845,1.76053E-05,3.03105E-05,2.54E-05,1.27E-05,,,
dominancecoeff,1.00E-07,0.01,0.01,1,0.99,1,1,0.991901792,1,1,0.991901792,0.991901792,1,0.809820807,2,0.499985201,1.23485E-05,0.499985201,1.72486E-05,2.95971E-05,2.47E-05,1.23E-05,,,
dominancecoeff,1.00E-07,0.01,0.01,1,0.99,1,1,0.991880688,1,1,0.991880688,0.991880688,1,0.811931197,2,0.499985234,1.23164E-05,0.499985234,1.72165E-05,2.95329E-05,2.46E-05,1.23E-05,,,
dominancecoeff,1.00E-07,0.01,0.01,1,0.99,1,1,0.991758921,1,1,0.991758921,0.991758921,1,0.824107862,2,0.499985416,1.21344E-05,0.499985416,1.70345E-05,2.91689E-05,2.43E-05,1.21E-05,,,
dominancecoeff,1.00E-07,0.01,0.01,1,0.99,1,1,0.991578162,1,1,0.991578162,0.991578162,1,0.842183842,2,0.499985676,1.1874E-05,0.499985676,1.6774E-05,2.8648E-05,2.37E-05,1.19E-05,,,
dominancecoeff,1.00E-07,0.01,0.01,1,0.99,1,1,0.991548006,1,1,0.991548006,0.991548006,1,0.845199399,2,0.499985718,1.18316E-05,0.499985718,1.67317E-05,2.85633E-05,2.37E-05,1.18E-05,,,
dominancecoeff,1.00E-07,0.01,0.01,1,0.99,1,1,0.991532639,1,1,0.991532639,0.991532639,1,0.846736107,2,0.49998574,1.18102E-05,0.49998574,1.67102E-05,2.85204E-05,2.36E-05,1.18E-05,,,
dominancecoeff,1.00E-07,0.01,0.01,1,0.99,1,1,0.991511476,1,1,0.991511476,0.991511476,1,0.84885241,2,0.499985769,1.17807E-05,0.499985769,1.66807E-05,2.84615E-05,2.36E-05,1.18E-05,,,
dominancecoeff,1.00E-07,0.01,0.01,1,0.99,1,1,0.991484523,1,1,0.991484523,0.991484523,1,0.85154768,2,0.499985807,1.17434E-05,0.499985807,1.66435E-05,2.83869E-05,2.35E-05,1.17E-05,,,
dominancecoeff,1.00E-07,0.01,0.01,1,0.99,1,1,0.991438084,1,1,0.991438084,0.991438084,1,0.856191578,2,0.49998587,1.16797E-05,0.49998587,1.65798E-05,2.82595E-05,2.34E-05,1.17E-05,,,
dominancecoeff,1.00E-07,0.01,0.01,1,0.99,1,1,0.991372749,1,1,0.991372749,0.991372749,1,0.862725124,2,0.499985959,1.15913E-05,0.499985959,1.64913E-05,2.80826E-05,2.32E-05,1.16E-05,,,
dominancecoeff,1.00E-07,0.01,0.01,1,0.99,1,1,0.991241525,1,1,0.991241525,0.991241525,1,0.875847481,2,0.499986132,1.14176E-05,0.499986132,1.63176E-05,2.77353E-05,2.28E-05,1.14E-05,,,
dominancecoeff,1.00E-07,0.01,0.01,1,0.99,1,1,0.990875148,1,1,0.990875148,0.990875148,1,0.912485164,2,0.499986591,1.09592E-05,0.499986591,1.58592E-05,2.68184E-05,2.19E-05,1.10E-05,,,
dominancecoeff,1.00E-07,0.01,0.01,1,0.99,1,1,0.990789848,1,1,0.990789848,0.990789848,1,0.921015158,2,0.499986692,1.08577E-05,0.499986692,1.57577E-05,2.66154E-05,2.17E-05,1.09E-05,,,
dominancecoeff,1.00E-07,0.01,0.01,1,0.99,1,1,0.990592177,1,1,0.990592177,0.990592177,1,0.94078226,2,0.49998692,1.06296E-05,0.49998692,1.55296E-05,2.61591E-05,2.13E-05,1.06E-05,,,
dominancecoeff,1.00E-07,0.01,0.01,1,0.99,1,1,0.990452713,1,1,0.990452713,0.990452713,1,0.954728717,2,0.499987076,1.04743E-05,0.499987076,1.53743E-05,2.58486E-05,2.09E-05,1.05E-05,,,
dominancecoeff,1.00E-07,0.01,0.01,1,0.99,1,1,0.990448564,1,1,0.990448564,0.990448564,1,0.955143577,2,0.49998708,1.04697E-05,0.49998708,1.53698E-05,2.58395E-05,2.09E-05,1.05E-05,,,
dominancecoeff,1.00E-07,0.01,0.01,1,0.99,1,1,0.990394069,1,1,0.990394069,0.990394069,1,0.96059306,2,0.49998714,1.04103E-05,0.49998714,1.53104E-05,2.57207E-05,2.08E-05,1.04E-05,,,
dominancecoeff,1.00E-07,0.01,0.01,1,0.99,1,1,0.99038483,1,1,0.99038483,0.99038483,1,0.961517037,2,0.49998715,1.04003E-05,0.49998715,1.53004E-05,2.57007E-05,2.08E-05,1.04E-05,,,
dominancecoeff,1.00E-07,0.01,0.01,1,0.99,1,1,0.990340686,1,1,0.990340686,0.990340686,1,0.96593143,2,0.499987197,1.03528E-05,0.499987197,1.52528E-05,2.56056E-05,2.07E-05,1.04E-05,,,
dominancecoeff,1.00E-07,0.01,0.01,1,0.99,1,1,0.99031431,1,1,0.99031431,0.99031431,1,0.968569037,2,0.499987225,1.03246E-05,0.499987225,1.52246E-05,2.55492E-05,2.06E-05,1.03E-05,,,
dominancecoeff,1.00E-07,0.01,0.01,1,0.99,1,1,0.990233369,1,1,0.990233369,0.990233369,1,0.976663083,2,0.499987311,1.0239E-05,0.499987311,1.51391E-05,2.53781E-05,2.05E-05,1.02E-05,,,
dominancecoeff,1.00E-07,0.01,0.01,1,0.99,1,1,0.990082313,1,1,0.990082313,0.990082313,1,0.991768656,2,0.499987467,1.00831E-05,0.499987467,1.49831E-05,2.50662E-05,2.02E-05,1.01E-05,,,
dominancecoeff,1.00E-07,0.01,0.01,1,0.99,1,1,0.990033863,1,1,0.990033863,0.990033863,1,0.996613727,2,0.499987516,1.00341E-05,0.499987516,1.49341E-05,2.49682E-05,2.01E-05,1.00E-05,,,
dominancecoeff,1.00E-07,0.01,0.01,1,0.99,1,1,0.990017321,1,1,0.990017321,0.990017321,1,0.99826793,2,0.499987533,1.00174E-05,0.499987533,1.49175E-05,2.49349E-05,2.00E-05,1.00E-05,,,
dominancecoeff,1.00E-07,0.01,0.1,1,0.99,1,1,0.996857228,1,1,0.996857228,0.996857228,1,0.314277194,2,0.909059018,3.18178E-05,0.090905902,3.26269E-06,3.50805E-05,3.50E-05,3.18E-05,,,
dominancecoeff,1.00E-07,0.01,0.1,1,0.99,1,1,0.991758921,1,1,0.991758921,0.991758921,1,0.824107862,2,0.909078701,1.21344E-05,0.09090787,1.29435E-06,1.34288E-05,1.33E-05,1.21E-05,,,
dominancecoeff,1.00E-07,0.01,0.1,1,0.99,1,1,0.995707264,1,1,0.995707264,0.995707264,1,0.429273586,2,0.909067541,2.3295E-05,0.090906754,2.41041E-06,2.57054E-05,2.56E-05,2.33E-05,,,
dominancecoeff,1.00E-07,0.01,0.1,1,0.99,1,1,0.998121194,1,1,0.998121194,0.998121194,1,0.187880615,2,0.90903762,5.32159E-05,0.090903762,5.4025E-06,5.86184E-05,5.85E-05,5.32E-05,,,
dominancecoeff,1.00E-07,0.01,0.1,1,0.99,1,1,0.991901792,1,1,0.991901792,0.991901792,1,0.809820807,2,0.909078487,1.23485E-05,0.090907849,1.31576E-06,1.36643E-05,1.36E-05,1.23E-05,,,
dominancecoeff,1.00E-07,0.01,0.1,1,0.99,1,1,0.991372749,1,1,0.991372749,0.991372749,1,0.862725124,2,0.909079244,1.15913E-05,0.090907924,1.24004E-06,1.28313E-05,1.28E-05,1.16E-05,,,
dominancecoeff,1.00E-07,0.01,0.1,1,0.99,1,1,0.993834367,1,1,0.993834367,0.993834367,1,0.616563266,2,0.909074617,1.6219E-05,0.090907462,1.70281E-06,1.79218E-05,1.78E-05,1.62E-05,,,
dominancecoeff,1.00E-07,0.01,0.1,1,0.99,1,1,0.993560888,1,1,0.993560888,0.993560888,1,0.643911151,2,0.909075305,1.55302E-05,0.090907531,1.63393E-06,1.71641E-05,1.71E-05,1.55E-05,,,
dominancecoeff,1.00E-07,0.01,0.1,1,0.99,1,1,0.990082313,1,1,0.990082313,0.990082313,1,0.991768656,2,0.909080752,1.00831E-05,0.090908075,1.08922E-06,1.11723E-05,1.11E-05,1.01E-05,,,
dominancecoeff,1.00E-07,0.01,0.1,1,0.99,1,1,0.99031431,1,1,0.99031431,0.99031431,1,0.968569037,2,0.909080511,1.03246E-05,0.090908051,1.11337E-06,1.1438E-05,1.14E-05,1.03E-05,,,
dominancecoeff,1.00E-07,0.01,0.1,1,0.99,1,1,0.99226487,1,1,0.99226487,0.99226487,1,0.773513047,2,0.909077907,1.29281E-05,0.090907791,1.37372E-06,1.43019E-05,1.42E-05,1.29E-05,,,
dominancecoeff,1.00E-07,0.01,0.1,1,0.99,1,1,0.995255406,1,1,0.995255406,0.995255406,1,0.474459374,2,0.909069759,2.10766E-05,0.090906976,2.18857E-06,2.32651E-05,2.32E-05,2.11E-05,,,
dominancecoeff,1.00E-07,0.01,0.1,1,0.99,1,1,0.995262359,1,1,0.995262359,0.995262359,1,0.473764064,2,0.909069728,2.11075E-05,0.090906973,2.19166E-06,2.32992E-05,2.32E-05,2.11E-05,,,
dominancecoeff,1.00E-07,0.01,0.1,1,0.99,1,1,0.999582959,1,1,0.999582959,0.999582959,1,0.041704141,2,0.908852302,0.000238534,0.09088523,2.39343E-05,0.000262468,2.64E-04,2.40E-04,,,
dominancecoeff,1.00E-07,0.01,0.1,1,0.99,1,1,0.996245879,1,1,0.996245879,0.996245879,1,0.375412062,2,0.909064199,2.66369E-05,0.09090642,2.7446E-06,2.93815E-05,2.93E-05,2.66E-05,,,
dominancecoeff,1.00E-07,0.01,0.1,1,0.99,1,1,0.990448564,1,1,0.990448564,0.990448564,1,0.955143577,2,0.909080366,1.04697E-05,0.090908037,1.12788E-06,1.15976E-05,1.15E-05,1.05E-05,,,
dominancecoeff,1.00E-07,0.01,0.1,1,0.99,1,1,0.998047469,1,1,0.998047469,0.998047469,1,0.195253104,2,0.909039628,5.12074E-05,0.090903963,5.20165E-06,5.6409E-05,5.63E-05,5.12E-05,,,
dominancecoeff,1.00E-07,0.01,0.1,1,0.99,1,1,0.998936957,1,1,0.998936957,0.998936957,1,0.106304306,2,0.908996831,9.40041E-05,0.090899683,9.48132E-06,0.000103485,1.03E-04,9.41E-05,,,
dominancecoeff,1.00E-07,0.01,0.1,1,0.99,1,1,0.996139184,1,1,0.996139184,0.996139184,1,0.386081583,2,0.909064935,2.59009E-05,0.090906493,2.671E-06,2.85719E-05,2.85E-05,2.59E-05,,,
dominancecoeff,1.00E-07,0.01,0.1,1,0.99,1,1,0.997346765,1,1,0.997346765,0.997346765,1,0.265323522,2,0.909053148,3.76873E-05,0.090905315,3.84964E-06,4.1537E-05,4.15E-05,3.77E-05,,,
dominancecoeff,1.00E-07,0.01,0.1,1,0.99,1,1,0.993047646,1,1,0.993047646,0.993047646,1,0.695235402,2,0.909076452,1.43837E-05,0.090907645,1.51928E-06,1.5903E-05,1.58E-05,1.44E-05,,,
dominancecoeff,1.00E-07,0.01,0.1,1,0.99,1,1,0.990233369,1,1,0.990233369,0.990233369,1,0.976663083,2,0.909080596,1.0239E-05,0.09090806,1.10481E-06,1.13439E-05,1.13E-05,1.02E-05,,,
dominancecoeff,1.00E-07,0.01,0.1,1,0.99,1,1,0.99707427,1,1,0.99707427,0.99707427,1,0.292573037,2,0.909056658,3.41778E-05,0.090905666,3.49869E-06,3.76765E-05,3.76E-05,3.42E-05,,,
dominancecoeff,1.00E-07,0.01,0.1,1,0.99,1,1,0.993253555,1,1,0.993253555,0.993253555,1,0.674644477,2,0.909076013,1.48227E-05,0.090907601,1.56318E-06,1.63859E-05,1.63E-05,1.48E-05,,,
dominancecoeff,1.00E-07,0.01,0.1,1,0.99,1,1,0.997212754,1,1,0.997212754,0.997212754,1,0.278724628,2,0.90905496,3.58757E-05,0.090905496,3.66847E-06,3.95441E-05,3.95E-05,3.59E-05,,,
dominancecoeff,1.00E-07,0.01,0.1,1,0.99,1,1,0.994690664,1,1,0.994690664,0.994690664,1,0.530933589,2,0.909072001,1.88348E-05,0.0909072,1.96439E-06,2.07992E-05,2.07E-05,1.88E-05,,,
dominancecoeff,1.00E-07,0.01,0.1,1,0.99,1,1,0.997015045,1,1,0.997015045,0.997015045,1,0.298495529,2,0.909057336,3.34998E-05,0.090905734,3.43089E-06,3.69307E-05,3.69E-05,3.35E-05,,,
dominancecoeff,1.00E-07,0.01,0.1,1,0.99,1,1,0.993821679,1,1,0.993821679,0.993821679,1,0.617832138,2,0.90907465,1.61857E-05,0.090907465,1.69948E-06,1.78852E-05,1.78E-05,1.62E-05,,,
dominancecoeff,1.00E-07,0.01,0.1,1,0.99,1,1,0.995496274,1,1,0.995496274,0.995496274,1,0.450372571,2,0.909068632,2.22037E-05,0.090906863,2.30128E-06,2.4505E-05,2.44E-05,2.22E-05,,,
dominancecoeff,1.00E-07,0.01,0.1,1,0.99,1,1,0.995526058,1,1,0.995526058,0.995526058,1,0.447394219,2,0.909068484,2.23515E-05,0.090906848,2.31606E-06,2.46676E-05,2.46E-05,2.24E-05,,,
dominancecoeff,1.00E-07,0.01,0.1,1,0.99,1,1,0.99706232,1,1,0.99706232,0.99706232,1,0.293768,2,0.909056797,3.40388E-05,0.09090568,3.48479E-06,3.75236E-05,3.74E-05,3.40E-05,,,
dominancecoeff,1.00E-07,0.01,0.1,1,0.99,1,1,0.993860284,1,1,0.993860284,0.993860284,1,0.613971553,2,0.909074548,1.62875E-05,0.090907455,1.70966E-06,1.79972E-05,1.79E-05,1.63E-05,,,
dominancecoeff,1.00E-07,0.01,0.1,1,0.99,1,1,0.998722965,1,1,0.998722965,0.998722965,1,0.127703466,2,0.909012565,7.82707E-05,0.090901256,7.90798E-06,8.61787E-05,8.61E-05,7.83E-05,,,
dominancecoeff,1.00E-07,0.01,0.1,1,0.99,1,1,0.990394069,1,1,0.990394069,0.990394069,1,0.96059306,2,0.909080425,1.04103E-05,0.090908043,1.12194E-06,1.15323E-05,1.15E-05,1.04E-05,,,
dominancecoeff,1.00E-07,0.01,0.1,1,0.99,1,1,0.99777005,1,1,0.99777005,0.99777005,1,0.22299505,2,0.909045996,4.4839E-05,0.0909046,4.56481E-06,4.94039E-05,4.93E-05,4.48E-05,,,
dominancecoeff,1.00E-07,0.01,0.1,1,0.99,1,1,0.999005646,1,1,0.999005646,0.999005646,1,0.099435438,2,0.908990349,0.000100486,0.090899035,1.01295E-05,0.000110616,1.11E-04,1.01E-04,,,
dominancecoeff,1.00E-07,0.01,0.1,1,0.99,1,1,0.999772818,1,1,0.999772818,0.999772818,1,0.022718168,2,0.908658512,0.000432323,0.090865851,4.33132E-05,0.000475636,4.84E-04,4.40E-04,,,
dominancecoeff,1.00E-07,0.01,0.1,1,0.99,1,1,0.990017321,1,1,0.990017321,0.990017321,1,0.99826793,2,0.909080818,1.00174E-05,0.090908082,1.08265E-06,1.11001E-05,1.10E-05,1.00E-05,,,
dominancecoeff,1.00E-07,0.01,0.1,1,0.99,1,1,0.991880688,1,1,0.991880688,0.991880688,1,0.811931197,2,0.909078519,1.23164E-05,0.090907852,1.31255E-06,1.3629E-05,1.35E-05,1.23E-05,,,
dominancecoeff,1.00E-07,0.01,0.1,1,0.99,1,1,0.991532639,1,1,0.991532639,0.991532639,1,0.846736107,2,0.909079025,1.18102E-05,0.090907903,1.26193E-06,1.30721E-05,1.30E-05,1.18E-05,,,
dominancecoeff,1.00E-07,0.01,0.1,1,0.99,1,1,0.992748771,1,1,0.992748771,0.992748771,1,0.725122865,2,0.909077045,1.37909E-05,0.090907704,1.46E-06,1.52509E-05,1.52E-05,1.38E-05,,,
dominancecoeff,1.00E-07,0.01,0.1,1,0.99,1,1,0.993271026,1,1,0.993271026,0.993271026,1,0.672897371,2,0.909075974,1.48612E-05,0.090907597,1.56703E-06,1.64283E-05,1.63E-05,1.49E-05,,,
dominancecoeff,1.00E-07,0.01,0.1,1,0.99,1,1,0.99694996,1,1,0.99694996,0.99694996,1,0.305003968,2,0.90905805,3.27851E-05,0.090905805,3.35942E-06,3.61445E-05,3.61E-05,3.28E-05,,,
dominancecoeff,1.00E-07,0.01,0.1,1,0.99,1,1,0.997179082,1,1,0.997179082,0.997179082,1,0.282091849,2,0.909055388,3.54475E-05,0.090905539,3.62566E-06,3.90732E-05,3.90E-05,3.54E-05,,,
dominancecoeff,1.00E-07,0.01,0.1,1,0.99,1,1,0.993564768,1,1,0.993564768,0.993564768,1,0.643523177,2,0.909075296,1.55396E-05,0.09090753,1.63487E-06,1.71744E-05,1.71E-05,1.55E-05,,,
dominancecoeff,1.00E-07,0.01,0.1,1,0.99,1,1,0.990452713,1,1,0.990452713,0.990452713,1,0.954728717,2,0.909080361,1.04743E-05,0.090908036,1.12834E-06,1.16026E-05,1.15E-05,1.05E-05,,,
dominancecoeff,1.00E-07,0.01,0.1,1,0.99,1,1,0.995192646,1,1,0.995192646,0.995192646,1,0.480735444,2,0.909070034,2.08014E-05,0.090907003,2.16105E-06,2.29625E-05,2.29E-05,2.08E-05,,,
dominancecoeff,1.00E-07,0.01,0.1,1,0.99,1,1,0.999771551,1,1,0.999771551,0.999771551,1,0.022844912,2,0.908660826,0.00043001,0.090866083,4.30819E-05,0.000473092,4.82E-04,4.38E-04,,,
dominancecoeff,1.00E-07,0.01,0.1,1,0.99,1,1,0.992129166,1,1,0.992129166,0.992129166,1,0.787083402,2,0.90907813,1.27053E-05,0.090907813,1.35143E-06,1.40567E-05,1.40E-05,1.27E-05,,,
dominancecoeff,1.00E-07,0.01,0.1,1,0.99,1,1,0.991438084,1,1,0.991438084,0.991438084,1,0.856191578,2,0.909079156,1.16797E-05,0.090907916,1.24888E-06,1.29286E-05,1.28E-05,1.17E-05,,,
dominancecoeff,1.00E-07,0.01,0.1,1,0.99,1,1,0.999022872,1,1,0.999022872,0.999022872,1,0.097712835,2,0.908988581,0.000102255,0.090898858,1.03064E-05,0.000112561,1.13E-04,1.02E-04,,,
dominancecoeff,1.00E-07,0.01,0.1,1,0.99,1,1,0.992232537,1,1,0.992232537,0.992232537,1,0.776746343,2,0.909077961,1.28743E-05,0.090907796,1.36834E-06,1.42427E-05,1.42E-05,1.29E-05,,,
dominancecoeff,1.00E-07,0.01,0.1,1,0.99,1,1,0.990875148,1,1,0.990875148,0.990875148,1,0.912485164,2,0.909079876,1.09592E-05,0.090907988,1.17683E-06,1.2136E-05,1.21E-05,1.10E-05,,,
dominancecoeff,1.00E-07,0.01,0.1,1,0.99,1,1,0.997879365,1,1,0.997879365,0.997879365,1,0.212063469,2,0.909043686,4.71497E-05,0.090904369,4.79587E-06,5.19455E-05,5.19E-05,4.72E-05,,,
dominancecoeff,1.00E-07,0.01,0.1,1,0.99,1,1,0.992641173,1,1,0.992641173,0.992641173,1,0.735882727,2,0.909077246,1.35892E-05,0.090907725,1.43983E-06,1.50291E-05,1.49E-05,1.36E-05,,,
dominancecoeff,1.00E-07,0.01,0.1,1,0.99,1,1,0.994336392,1,1,0.994336392,0.994336392,1,0.566360772,2,0.909073179,1.76567E-05,0.090907318,1.84658E-06,1.95032E-05,1.94E-05,1.77E-05,,,
dominancecoeff,1.00E-07,0.01,0.1,1,0.99,1,1,0.994947926,1,1,0.994947926,0.994947926,1,0.505207417,2,0.909071042,1.97939E-05,0.090907104,2.06029E-06,2.18542E-05,2.18E-05,1.98E-05,,,
dominancecoeff,1.00E-07,0.01,0.1,1,0.99,1,1,0.990789848,1,1,0.990789848,0.990789848,1,0.921015158,2,0.909079978,1.08577E-05,0.090907998,1.16668E-06,1.20244E-05,1.19E-05,1.09E-05,,,
dominancecoeff,1.00E-07,0.01,0.1,1,0.99,1,1,0.992293228,1,1,0.992293228,0.992293228,1,0.770677205,2,0.90907786,1.29757E-05,0.090907786,1.37848E-06,1.43542E-05,1.43E-05,1.30E-05,,,
dominancecoeff,1.00E-07,0.01,0.1,1,0.99,1,1,0.997927198,1,1,0.997927198,0.997927198,1,0.207280203,2,0.909042598,4.82373E-05,0.09090426,4.90464E-06,5.31419E-05,5.31E-05,4.82E-05,,,
dominancecoeff,1.00E-07,0.01,0.1,1,0.99,1,1,0.991548006,1,1,0.991548006,0.991548006,1,0.845199399,2,0.909079004,1.18316E-05,0.0909079,1.26407E-06,1.30957E-05,1.30E-05,1.18E-05,,,
dominancecoeff,1.00E-07,0.01,0.1,1,0.99,1,1,0.998261635,1,1,0.998261635,0.998261635,1,0.173836509,2,0.909033323,5.75129E-05,0.090903332,5.8322E-06,6.33451E-05,6.33E-05,5.75E-05,,,
dominancecoeff,1.00E-07,0.01,0.1,1,0.99,1,1,0.996311262,1,1,0.996311262,0.996311262,1,0.368873814,2,0.909063727,2.7109E-05,0.090906373,2.79181E-06,2.99008E-05,2.98E-05,2.71E-05,,,
dominancecoeff,1.00E-07,0.01,0.1,1,0.99,1,1,0.992427445,1,1,0.992427445,0.992427445,1,0.757255508,2,0.90907763,1.32057E-05,0.090907763,1.40148E-06,1.46072E-05,1.45E-05,1.32E-05,,,
dominancecoeff,1.00E-07,0.01,0.1,1,0.99,1,1,0.993878143,1,1,0.993878143,0.993878143,1,0.612185684,2,0.909074501,1.6335E-05,0.09090745,1.71441E-06,1.80494E-05,1.80E-05,1.63E-05,,,
dominancecoeff,1.00E-07,0.01,0.1,1,0.99,1,1,0.997046345,1,1,0.997046345,0.997046345,1,0.295365468,2,0.909056981,3.38548E-05,0.090905698,3.46639E-06,3.73212E-05,3.72E-05,3.39E-05,,,
dominancecoeff,1.00E-07,0.01,0.1,1,0.99,1,1,0.995752781,1,1,0.995752781,0.995752781,1,0.424721874,2,0.909067291,2.35446E-05,0.090906729,2.43537E-06,2.598E-05,2.59E-05,2.35E-05,,,
dominancecoeff,1.00E-07,0.01,0.1,1,0.99,1,1,0.996768654,1,1,0.996768654,0.996768654,1,0.323134564,2,0.90905989,3.09458E-05,0.090905989,3.17549E-06,3.41213E-05,3.40E-05,3.09E-05,,,
dominancecoeff,1.00E-07,0.01,0.1,1,0.99,1,1,0.994337666,1,1,0.994337666,0.994337666,1,0.566233368,2,0.909073175,1.76606E-05,0.090907317,1.84697E-06,1.95076E-05,1.94E-05,1.77E-05,,,
dominancecoeff,1.00E-07,0.01,0.1,1,0.99,1,1,0.997463256,1,1,0.997463256,0.997463256,1,0.253674359,2,0.909051418,3.94176E-05,0.090905142,4.02267E-06,4.34403E-05,4.34E-05,3.94E-05,,,
dominancecoeff,1.00E-07,0.01,0.1,1,0.99,1,1,0.996824244,1,1,0.996824244,0.996824244,1,0.31757562,2,0.909059348,3.14874E-05,0.090905935,3.22965E-06,3.47171E-05,3.46E-05,3.15E-05,,,
dominancecoeff,1.00E-07,0.01,0.1,1,0.99,1,1,0.99487488,1,1,0.99487488,0.99487488,1,0.51251204,2,0.909071324,1.95118E-05,0.090907132,2.03208E-06,2.15438E-05,2.15E-05,1.95E-05,,,
dominancecoeff,1.00E-07,0.01,0.1,1,0.99,1,1,0.993532186,1,1,0.993532186,0.993532186,1,0.646781354,2,0.909075374,1.54613E-05,0.090907537,1.62704E-06,1.70883E-05,1.70E-05,1.55E-05,,,
dominancecoeff,1.00E-07,0.01,0.1,1,0.99,1,1,0.992941014,1,1,0.992941014,0.992941014,1,0.705898582,2,0.909076669,1.41665E-05,0.090907667,1.49755E-06,1.5664E-05,1.56E-05,1.42E-05,,,
dominancecoeff,1.00E-07,0.01,0.1,1,0.99,1,1,0.990033863,1,1,0.990033863,0.990033863,1,0.996613727,2,0.909080801,1.00341E-05,0.09090808,1.08432E-06,1.11184E-05,1.10E-05,1.00E-05,,,
dominancecoeff,1.00E-07,0.01,0.1,1,0.99,1,1,0.991578162,1,1,0.991578162,0.991578162,1,0.842183842,2,0.909078962,1.1874E-05,0.090907896,1.26831E-06,1.31423E-05,1.31E-05,1.19E-05,,,
dominancecoeff,1.00E-07,0.01,0.1,1,0.99,1,1,0.994058051,1,1,0.994058051,0.994058051,1,0.594194877,2,0.909074006,1.68296E-05,0.090907401,1.76387E-06,1.85935E-05,1.85E-05,1.68E-05,,,
dominancecoeff,1.00E-07,0.01,0.1,1,0.99,1,1,0.997681137,1,1,0.997681137,0.997681137,1,0.23188633,2,0.909047715,4.31203E-05,0.090904772,4.39294E-06,4.75132E-05,4.74E-05,4.31E-05,,,
dominancecoeff,1.00E-07,0.01,0.1,1,0.99,1,1,0.994014107,1,1,0.994014107,0.994014107,1,0.598589326,2,0.90907413,1.6706E-05,0.090907413,1.75151E-06,1.84575E-05,1.84E-05,1.67E-05,,,
dominancecoeff,1.00E-07,0.01,0.1,1,0.99,1,1,0.999610604,1,1,0.999610604,0.999610604,1,0.038939599,2,0.908835571,0.000255265,0.090883557,2.56074E-05,0.000280872,2.82E-04,2.57E-04,,,
dominancecoeff,1.00E-07,0.01,0.1,1,0.99,1,1,0.998199314,1,1,0.998199314,0.998199314,1,0.180068634,2,0.909035312,5.55234E-05,0.090903531,5.63325E-06,6.11567E-05,6.11E-05,5.55E-05,,,
dominancecoeff,1.00E-07,0.01,0.1,1,0.99,1,1,0.996397208,1,1,0.996397208,0.996397208,1,0.360279214,2,0.90906308,2.77556E-05,0.090906308,2.85647E-06,3.06121E-05,3.05E-05,2.78E-05,,,
dominancecoeff,1.00E-07,0.01,0.1,1,0.99,1,1,0.991241525,1,1,0.991241525,0.991241525,1,0.875847481,2,0.909079418,1.14176E-05,0.090907942,1.22267E-06,1.26403E-05,1.26E-05,1.14E-05,,,
dominancecoeff,1.00E-07,0.01,0.1,1,0.99,1,1,0.993932078,1,1,0.993932078,0.993932078,1,0.606792214,2,0.909074355,1.64802E-05,0.090907436,1.72893E-06,1.82091E-05,1.81E-05,1.65E-05,,,
dominancecoeff,1.00E-07,0.01,0.1,1,0.99,1,1,0.998506276,1,1,0.998506276,0.998506276,1,0.149372415,2,0.90902391,6.69257E-05,0.090902391,6.77348E-06,7.36992E-05,7.36E-05,6.69E-05,,,
dominancecoeff,1.00E-07,0.01,0.1,1,0.99,1,1,0.9976724,1,1,0.9976724,0.9976724,1,0.23276002,2,0.909047877,4.29585E-05,0.090904788,4.37676E-06,4.73352E-05,4.73E-05,4.30E-05,,,
dominancecoeff,1.00E-07,0.01,0.1,1,0.99,1,1,0.992833925,1,1,0.992833925,0.992833925,1,0.716607509,2,0.909076881,1.39548E-05,0.090907688,1.47638E-06,1.54311E-05,1.54E-05,1.40E-05,,,
dominancecoeff,1.00E-07,0.01,0.1,1,0.99,1,1,0.998088009,1,1,0.998088009,0.998088009,1,0.191199125,2,0.909038543,5.22927E-05,0.090903854,5.31017E-06,5.76028E-05,5.75E-05,5.23E-05,,,
dominancecoeff,1.00E-07,0.01,0.1,1,0.99,1,1,0.995454845,1,1,0.995454845,0.995454845,1,0.454515503,2,0.909068834,2.20014E-05,0.090906883,2.28104E-06,2.42824E-05,2.42E-05,2.20E-05,,,
dominancecoeff,1.00E-07,0.01,0.1,1,0.99,1,1,0.990340686,1,1,0.990340686,0.990340686,1,0.96593143,2,0.909080483,1.03528E-05,0.090908048,1.11619E-06,1.1469E-05,1.14E-05,1.04E-05,,,
dominancecoeff,1.00E-07,0.01,0.1,1,0.99,1,1,0.991484523,1,1,0.991484523,0.991484523,1,0.85154768,2,0.909079092,1.17434E-05,0.090907909,1.25525E-06,1.29987E-05,1.29E-05,1.17E-05,,,
dominancecoeff,1.00E-07,0.01,0.1,1,0.99,1,1,0.990592177,1,1,0.990592177,0.990592177,1,0.94078226,2,0.909080206,1.06296E-05,0.090908021,1.14386E-06,1.17734E-05,1.17E-05,1.06E-05,,,
dominancecoeff,1.00E-07,0.01,0.1,1,0.99,1,1,0.99038483,1,1,0.99038483,0.99038483,1,0.961517037,2,0.909080435,1.04003E-05,0.090908044,1.12094E-06,1.15213E-05,1.14E-05,1.04E-05,,,
dominancecoeff,1.00E-07,0.01,0.1,1,0.99,1,1,0.99650496,1,1,0.99650496,0.99650496,1,0.349503975,2,0.909062224,2.86113E-05,0.090906222,2.94204E-06,3.15533E-05,3.15E-05,2.86E-05,,,
dominancecoeff,1.00E-07,0.01,0.1,1,0.99,1,1,0.993318594,1,1,0.993318594,0.993318594,1,0.668140588,2,0.909075869,1.4967E-05,0.090907587,1.57761E-06,1.65446E-05,1.65E-05,1.50E-05,,,
dominancecoeff,1.00E-07,0.01,0.1,1,0.99,1,1,0.993427095,1,1,0.993427095,0.993427095,1,0.657290527,2,0.909075621,1.52141E-05,0.090907562,1.60232E-06,1.68164E-05,1.67E-05,1.52E-05,,,
dominancecoeff,1.00E-07,0.01,0.1,1,0.99,1,1,0.994774739,1,1,0.994774739,0.994774739,1,0.522526056,2,0.909071698,1.91378E-05,0.09090717,1.99469E-06,2.11325E-05,2.11E-05,1.91E-05,,,
dominancecoeff,1.00E-07,0.01,0.1,1,0.99,1,1,0.997145173,1,1,0.997145173,0.997145173,1,0.285482728,2,0.909055809,3.50265E-05,0.090905581,3.58356E-06,3.86101E-05,3.85E-05,3.50E-05,,,
dominancecoeff,1.00E-07,0.01,0.1,1,0.99,1,1,0.99797328,1,1,0.99797328,0.99797328,1,0.202671984,2,0.909041502,4.93337E-05,0.09090415,5.01428E-06,5.43479E-05,5.43E-05,4.93E-05,,,
dominancecoeff,1.00E-07,0.01,0.1,1,0.99,1,1,0.991511476,1,1,0.991511476,0.991511476,1,0.84885241,2,0.909079055,1.17807E-05,0.090907905,1.25898E-06,1.30397E-05,1.30E-05,1.18E-05,,,